Date,PIB_Croissance,Inflation,Taux_Directeur,Taux_Change,Chomage,Balance_Commerciale,Reserves_Change,Prod_Industrielle,Confiance_Menages,MASI_Indice,MASI_Rendement,Volume_Echange,Volatilite,Capitalisation,Societes_Cotees,PER,Div_Yield,Sect_Bancaire,Sect_Telecoms,Sect_Industrie,Sect_Immobilier
2010-01-01,0.21389149074328986,0.3065377865665044,1.3337822773105403,-0.0034867359707953928,1.4145988150051834,-0.21123780992225447,-1.7307739836177418,-1.3719342778981418,-0.3358521554366662,-2.115649634188897,-0.2929429822780415,-1.4575935098862831,0.3613705596090648,-1.9664080722743975,-1.3123749734735553,0.0009494184513139966,1.921844061803385,-1.301715406018498,0.0013698487969632175,-1.1945381239254922,-1.8443662160491674
2010-02-01,-0.3725394838773855,-1.2325060570316242,2.07626197397328,-1.7667789269164234,-0.2648249613700566,-0.901138159404538,-1.7158984014637435,-1.5030605154883452,0.0486914574715672,-2.2159016942522087,-2.429139288814389,-0.7460721109418494,-0.30615951592825913,-1.228166607474905,-1.0067766614098559,0.6706743259992101,0.2533620788872622,-1.6419987050904492,-0.33413082377133524,-1.1488869854315245,-0.4614562898418858
2010-03-01,0.481609979157077,-1.4404849548151553,0.8511704744797591,-0.27246351086080606,0.05748869268175618,-0.4509904136430481,-1.6824283416172467,-1.2895120714128712,-0.856117043488985,-2.132839552549202,1.5112020849003247,2.0581189586160504,-0.11696649986687827,-1.6635557902462699,-0.7011783493461566,-1.7772856808999977,0.6459460748675265,-1.2550900501360422,-0.5739666459285934,-2.21894967173013,0.9248204286385728
2010-04-01,1.3995019394329165,0.18175044789638575,1.2224103228111283,0.5643531221303377,1.838695728231254,0.791808797481065,-0.3287503656033701,-1.810270557842538,-2.150689206401774,-2.173212014608929,-1.1562762046087933,-1.7112458231808938,-0.3097291954765864,-1.2097456954752557,-0.7011783493461566,-1.5786776048685527,0.7440920738625919,-2.1393358345033016,0.2897117922893971,-0.1445619385642323,-1.6751849043220448
2010-05-01,-0.41078498222221194,-0.5669735841243256,1.4451542318099506,-2.9323449514398066,1.3128155558309256,-0.2797385538424815,-1.258474250228285,-1.3931642401746511,-0.6455750653808553,-2.0159626227085976,3.09397965917337,-1.2135388516893053,0.2935466481908336,-1.7295900764823002,-1.9235715976009538,0.2134138718803022,1.496544732824766,-1.4334115866689405,-1.6963443979341883,-1.060323776753227,-1.1162973869747317
2010-06-01,-0.44903048056703887,0.43132512523662303,0.6284265654809368,-1.4380295353841892,0.9735380252500703,-0.4509904136430481,-1.2138475037662888,-1.9925984691584395,-1.4981830759013761,-1.9203916531999774,1.7104328285151138,-1.2545954873847402,1.2966266012709837,-1.533672749706372,-1.3123749734735553,-0.4655486205992904,-1.5459812360222807,-1.2845376433249611,0.49451541570458507,-0.7909820596388165,-0.45219761109065026
2010-07-01,1.3357594421915389,0.18175044789638575,1.07391438347858,-0.18280458589747095,1.0922851609533706,-1.8748273051277609,-0.8642713231473217,-1.5180463712129404,-1.3102613103172618,-1.943594932627217,-0.7688830920244817,-1.4162321867274315,3.1314418891115405,-1.42080563635259,-1.6179732855372544,-0.20227745004597927,0.05707008089713001,-1.2518180953372742,-0.15223286876442682,-0.4531636347834544,-0.8385370244376636
2010-08-01,0.44336448081225,-0.3797925761191477,0.8882944593128954,-0.8701896772830509,1.3128155558309256,0.14594464051892797,-1.2882254145362817,-1.8290028774982803,-0.2610314524726219,-1.8323995922084755,1.998210569292031,-1.167454872847492,-0.24190528405835646,-1.891787767733447,-1.6179732855372544,-0.3870291486798811,0.8422380728576587,-1.2289144117458928,-1.0859757044665597,-1.701265761208535,-1.610374153063396
2010-09-01,-0.8569824629118563,-1.1909102774749178,0.9625424289791695,-0.3621224358241412,0.5155133589659117,0.013836062958490056,-1.548548102231259,-1.771557097220668,0.3653744328077616,-1.8155362615612878,0.0501766317252061,-0.012537042765542251,0.764744348570121,-1.0581634450374655,-1.3123749734735553,-0.33160363908970986,1.8236980628083181,-1.09721823109545,0.03370726302041496,-0.7334616251364162,0.16981726137872383
2010-10-01,0.1628974929501876,-1.8772406401605701,0.29431070198270226,-1.228825377136402,0.29498296408835667,1.4963878778033977,-1.4964835646922636,-1.022264310990932,-0.6664552615568687,-1.7376425000166718,1.2787662173497378,-0.6913045393926531,0.6290965257336598,-1.6279628416367782,-1.6179732855372544,-1.9112306624095765,0.15521607989219682,-0.729941304933655,-1.7664087954183305,-1.1945381239254922,1.1882719240146402
2010-11-01,-0.844233963463581,-0.7749524819078563,0.8882944593128954,-0.6012129023930401,1.1092490374824129,-0.901138159404538,-1.4109489673067712,-1.0497383798193556,-0.42807302188072266,-1.6883640428595366,0.681073986505371,-1.000181455431586,-0.10268778167356683,-1.4771611383176182,-1.9235715976009538,0.28731455133386324,-1.218827906038727,-0.4575510679361554,-1.5279203655203835,-0.4695980446412834,-0.5902360942908903
2010-12-01,-0.7932399656704788,0.5977082434634474,1.2224103228111283,-0.8104170606408274,0.1423080753269715,-0.34334638748269153,-1.373760011921774,-1.18960636658224,0.7412179639759902,-1.7425931550329847,-1.3555069482235822,-1.4064060160322351,2.3461123884793955,-1.8184163385823027,-1.9235715976009538,0.40740315544589895,1.234822068837923,-1.4407734849661695,-1.3419802337355435,-2.3568161099819123,-1.5068452906632155
2011-01-01,-0.002832999877394444,-0.06782422944385154,1.9277660346407317,0.38503527220366746,1.3467433088890104,-0.2601669127224162,-0.9312114428403154,-1.777801203772582,-0.5898945422448225,-1.7810527462015922,-1.0566608328013989,-0.3949198093538151,-0.8094843322424978,-2.535270812331355,-1.3123749734735553,-0.8766211500597236,-0.008360585099580714,-1.7892366710350436,-1.2665262672141588,-1.0484544807447944,-2.0404818659617043
2011-02-01,-2.1318324077394117,-1.5860701832636268,1.5565261863093627,-0.42189505246636994,-0.4174998501314418,1.0951692348420696,-1.291944310074782,-1.4393706286588188,1.4041641925643948,-1.6893800935225698,1.544407208836123,0.8060058277040947,-0.7523694594692508,-1.4073802259121675,-1.6179732855372544,-0.6964882438916684,-0.5645212460716211,-1.6706283095796755,-1.6815230830817736,-1.357056176964018,-0.5102747778029462
2011-03-01,-1.889610918222176,-0.10942000900055729,2.410377837471515,-0.3322361275030295,1.9065512343474238,-0.504812426723226,-0.8977413829938186,-0.8261993652608168,-0.4071928257047091,-1.7038277118790752,-0.5807207230549587,-0.4466405062688421,0.9325192873415334,-0.17052526173234495,-1.9235715976009538,-2.0636508137825462,-0.04107591809793535,-1.2935355190215752,0.17248866572939026,-0.6832453727930519,0.21106046672513656
2011-04-01,-0.6912519700842743,0.11935677856132643,0.22006273231642812,-0.9897349105675031,1.4315626915342257,-0.118272514601947,-1.3328521609982782,-1.2033434009964519,-2.4377919038219478,-1.7236303319443247,-0.6803360948623532,-1.729298555388348,-0.49178285244131154,-0.9154794317520487,-1.9235715976009538,-0.16532711031919795,0.3842234108806836,-1.1912869315600512,-1.0145639147231063,-0.6458114392279986,-0.3082672414123506
2011-05-01,-1.1629464496704698,-1.211708167253271,1.4451542318099506,-1.0495075272097265,1.22799617318571,0.18998083303907368,-1.2287230859202884,-0.3803701574541248,-0.21753104377259533,-1.7863144371351594,-1.5326009425478393,-0.8299373352473658,1.0360399942430445,-1.2745311063214786,-1.0067766614098559,-0.10528280826318011,-0.04107591809793535,-1.4514073380621688,-0.5079444252223826,-1.3862729056001566,-0.701340239305717
2011-06-01,0.13740049405363647,-0.10942000900055729,0.9254184441460334,-0.9897349105675031,1.7878040986441235,-0.2552740024424001,-2.370424016239683,-1.1084329814073515,-0.4785334959727545,-1.7417896455800748,0.6035953639885088,-1.5959216182775782,1.3644505126892137,-1.371162839607773,-1.0067766614098559,-0.6826318664941252,-1.6114119020189914,-1.7818747727378135,-1.243620598805881,-1.3762296551314837,-1.185316628574851
2011-07-01,-1.1629464496704698,-0.21340945789232282,2.410377837471515,-0.24257720253969436,2.313684271044452,-0.9158168902445862,-0.7266721882228339,-1.1983481157549196,0.393214694375778,-1.5698282547935718,3.127184783109168,-1.048474418383173,-0.552467404762887,-1.2200489174411606,-1.6179732855372544,0.42125953284344214,1.4311140668280553,-1.2182805586498935,-2.2433856552142264,-0.9790647502339642,-1.599432078175571
2011-08-01,-1.7366289248428695,-1.4612828445935084,0.1829387474832919,-0.9598486022463913,1.702984715998911,-0.33356056692265934,-1.027902726841306,-1.3994083467265652,-0.06440960514850028,-1.6412524692592785,-1.6654214382910317,-1.4968981926670695,1.3501717944959022,-0.9570045384631223,-1.0067766614098559,-0.9181902822523516,1.7909827298099636,-0.7872005139121088,-0.5416292317051435,-1.4684449548892993,0.03177877817848379
2011-09-01,1.1572804499156804,0.09855888878297332,0.14581476265015397,-0.3322361275030295,-0.7567773807123,0.49823418068009345,-0.6485753819143406,-1.2370615763767896,-0.7134357029528967,-1.6277846140421275,-0.027301990791656263,-0.9790818485899624,-0.49535253198964,-1.7487915356005779,-0.39558003728245733,-0.08218884593394198,1.1693914028412125,-0.5033584351189183,-2.2945865610680225,-0.34451392516781115,0.10753160432495742
2011-10-01,-0.5765154750497945,0.3273356763448575,0.29431070198270226,1.2816245218370346,-0.315716590957184,-1.5616810472067242,-2.805534794244144,-1.3332208172762718,-1.6339043510454592,-1.5063872955374145,2.0756891918088938,-0.4983612031838691,-0.027724511158679927,-0.6564938977908821,-0.39558003728245733,-1.5371084726759248,-0.5972365790699758,-1.2436382083403517,-0.792244191936885,-1.1059749152471947,-1.9529452668591127
2011-11-01,-0.2578029888429057,0.8680808105820378,-0.8565328278445462,0.20571742227699188,0.2440913345012293,-0.4020613108428863,-0.005206453753899281,-0.9835508503690621,-0.7638961770449286,-1.500996006304991,-0.19332761047064703,-1.588152087960446,-0.10268778167356683,-0.8258726225334169,-1.6179732855372544,-0.6087311870405642,0.3187927448839729,-1.1356636999809828,-1.8324310161245432,-2.7156340585445,0.6958785540625652
2011-12-01,-1.723880425394594,0.8472829208036843,0.33143468681584015,-0.8403033689619391,0.820863136488685,-1.1751411350854453,-1.2324419814587875,-0.8486781488477098,-1.3676818498012966,-1.4542369400776232,0.6035953639885088,-1.1906111200671798,1.7642546221019426,-0.8071394916863164,-1.6179732855372544,-0.7380573760842964,0.48236940987575044,-1.457951247659706,0.8919961322011628,-1.0840623687700894,-0.1500280045730515
2012-01-01,-0.7549944673256519,-1.6900596321553922,0.14581476265015397,0.534466813809226,1.261923926243798,0.733093874120871,-0.5221329336053523,-1.451858841762647,-1.1936802150011905,-1.525261991782852,-1.6322163143552335,-1.020519343614668,-0.9379927959823032,-0.9206310427350012,-1.6179732855372544,-0.3639351863506429,1.0712454038461456,-0.8583655307853297,0.03370726302041496,-1.4958356379856796,0.5544732785891493
2012-02-01,-0.028329998773945573,-1.2325060570316242,0.8140464896466213,-0.9000759856041679,0.2440913345012293,-1.869934394847744,-1.7010228193097452,-1.6079615055605088,-0.23493120725260497,-1.4803743249909702,0.5703902400527106,-1.1875642454330106,-0.341856311411539,-1.0993763329010877,-1.0067766614098559,-0.9043339048548084,1.1366760698428562,-1.379424332489255,-0.6063040601520432,-1.8619577687073021,-1.7442041459221642
2012-03-01,-1.2649344452566738,0.2857398967881513,0.9625424289791695,-2.364505093338668,1.0244296548371976,-0.8913523388445058,-0.763861143607831,-1.7590688841168398,0.6681372773599453,-1.4833447180007575,-0.3482848555043717,-1.5378786564966491,0.08293555483948556,-0.7759176069411485,-0.7011783493461566,-0.6780130740282769,-0.23736791608806754,-0.43546537304446653,0.340912698143195,-1.5971811654422883,-1.7543045227416942
2012-04-01,0.31587948632949436,0.2857398967881513,2.07626197397328,-1.4380295353841892,0.2271274579721838,0.04319352463858747,-1.6749905505402474,-0.8574198980203892,-0.44547318536073227,-1.395109012207405,1.3783815891571323,-0.9867752070412403,0.47203062560723025,-0.7965240508729592,-1.6179732855372544,0.2134138718803022,0.5478000758724612,-1.9651042414688653,-1.354106764069336,-0.7234183746677434,-0.7206992948764828
2012-05-01,-0.7040004695325496,0.2857398967881513,1.3709062621436765,-2.185187243411998,0.31194684061739913,1.193027440442393,-1.4183867583837704,-1.4543564843834123,-1.7939858550615546,-1.2911970961843904,1.6550909552887836,-0.29102138432863517,0.40420671418900034,-1.2220783399495965,-1.6179732855372544,-0.9412842445815881,0.9076687388543695,-1.0178733272253073,-0.2182550894706376,0.06817236681765759,-0.16265347559746418
2012-06-01,-0.43628198111876304,3.7589874897731175,0.22006273231642812,-0.8104170606408274,-0.4174998501314418,-0.43631168280299987,0.013388023938599284,-1.855228125016322,-0.30279184482464644,-1.078251539367557,3.6252616421461403,-1.0103123135902,-0.38826214553980176,-1.3074701947276308,-1.3123749734735553,-2.017462889124071,1.889128728805029,-0.5720694858930627,-0.4850387568141049,-0.5682045037882538,0.934920805458103
2012-07-01,-0.8187369645670299,0.36893145590156373,-0.0026811766823926606,-0.4816676691085934,-0.06125844302154407,-0.9598530827647319,-1.146907384073295,-0.9173633209187686,0.4332350703798031,-1.0215911631075645,0.7142791104411691,-1.3906384398004077,-0.6310003548261012,-0.9735521373780612,-1.0067766614098559,1.0909844403913382,1.1366760698428562,-0.6350546157693612,-0.4217113206265145,-1.143408848812248,0.026728589768718725
2012-08-01,1.628974929501876,0.9512723696954503,0.9996664138123058,1.0126477469470239,-0.4683914797185722,1.378958031083009,-0.9014602785323175,-0.14184528717099262,-1.061438972553109,-0.9846763836613235,0.3600911217926555,-1.156866983493753,-0.5917338797944941,-0.2783968735268993,-1.6179732855372544,0.7584313828503143,1.202106735839567,1.0205545124076343,0.4042401343307855,-0.45133758924369605,-0.7619425002228954
2012-09-01,-0.3087969866360074,0.7640913616902718,-0.3367970401806271,-0.18280458589747095,-0.1969694552538868,-1.9041847668078575,-0.5184140380668534,-1.0809589125789278,-0.591634558592822,-0.9579739501649626,0.17192875282313264,0.6622695168371484,0.650514603023627,-1.56676794753625,-1.3123749734735553,-1.7033850014464367,0.5150847428741051,-0.4992684916204576,-0.020188427352003335,-1.0228898431881723,-1.4125751070142707
2012-10-01,-1.3796709402911542,0.4521230150149757,1.9648900194738697,-0.6609855190352689,1.4994181976503955,-2.6430142190903037,-0.7117966060688355,-0.7525189079482275,-0.44025313631673135,-0.9738523337408421,-0.5696523484096927,-0.675232275697409,-0.7773572163075465,-1.656218647331155,-0.39558003728245733,0.13489439996089286,1.7909827298099636,-1.3712444454923336,-0.3678156302540962,-1.1607562814399557,0.4963961118768522
2012-11-01,0.5581009758467298,-0.5461756943459726,1.4822782166430886,0.2654900389192153,-0.1969694552538868,-0.03509303984167172,-0.8865846963783192,-1.0072784552663367,-1.1519198226491634,-0.9359474232913387,0.37115949643792157,-0.5858065051845339,-0.813054011790825,-0.8744226533121531,-1.6179732855372544,-0.9597594144449796,0.8095227398593027,-0.7634788416210346,-1.9280958665355834,-1.4419672945627973,-1.3418724692775623
2012-12-01,-1.4689104364290828,0.5769103536850944,0.25718671714956604,-2.454164018302009,2.8565283199738225,-0.9109239799645702,-0.7527044569923316,-1.032254881473995,0.0486914574715672,-0.9473365217948347,-0.49217372589283037,-1.1595329987986516,2.2390220020295573,-0.9103278207690962,-1.6179732855372544,-0.24384658223860728,-0.46637524707655437,-1.848949846112574,-1.3554541563286473,-1.810828493594058,0.8507509986286884
2013-01-01,0.060909497363983094,-1.0245271592480936,-0.6709129036788599,-0.24257720253969436,1.075321284424325,-1.365964636006077,0.4001531599425636,-0.6014115293918965,-0.682115408688879,-0.9226506378286783,0.13872362888733453,-0.7711326548078942,-1.095058696108732,-0.835551406804419,-1.0067766614098559,-0.20689624251182592,1.7582673968116074,-0.7258513614351944,-0.6669367118210133,-0.92793547512072,-0.7501587272667773
2013-02-01,-2.093586909394585,-0.4629841352325601,1.593650171142499,0.23560373059810358,0.8378270130177276,0.3808043339597047,-0.9535248160713129,-1.0072784552663367,-0.2697315342126267,-0.8086145026990058,1.6882960792245818,-1.223593537982065,5.708750523004309,-0.784971953517247,-0.7011783493461566,-0.6872506589599735,1.0712454038461456,-1.2043747507551261,-0.48099658003617346,-0.5654654354786156,0.8372838295359823
2013-03-01,-1.3924194397394294,-0.712558812572797,0.47993062614838844,-1.7667789269164234,-0.02733068996345613,-0.03509303984167172,-0.7936123079158276,-0.7600118358105251,-1.442502552765341,-0.8752954194265706,-1.4329855707404446,-0.5644022108794936,0.21858337767594668,-0.98635311012358,-1.3123749734735553,-1.1860802452715093,-0.07379125109629144,-0.046920740690675505,-1.4592033602955505,-0.7152011697388301,0.07975556807125075
2013-04-01,0.17564599239846346,-0.10942000900055729,1.4822782166430886,0.5942394304514494,1.2788878027728405,-0.8130657743642467,-0.30271809683387235,-0.7175519112575064,-1.0509988744651022,-0.7750744629549841,1.4337234623834625,0.6219745998002562,0.9932038396631089,-0.16662252613919898,-0.08998172521875802,-1.0937043959545585,-0.10650658409464608,-0.9916976888351566,1.4161317210729234,-0.9060229286436147,-0.5978113769055379
2013-05-01,0.6983344697777613,2.1991457563966357,-0.6337889188457237,-0.12303196925524224,0.17623582838505644,-1.5274306752466107,-0.25437245483337717,-1.083456555199693,-0.005249049316466083,-0.6610746153489913,1.6329542059982514,-0.4770330807446829,-0.48821317289298305,-1.5965848474678848,-1.3123749734735553,-1.2923124719860035,0.6459460748675265,-0.6947677908468914,0.7033612158977026,-1.2319720574905455,-0.9100813602426656
2013-06-01,0.07365799681225894,-2.1268153175008067,0.10869077781701773,-0.7805307523197158,0.7190798773144272,0.5422703732002392,-0.19487012621738253,-0.4690364704913094,-0.8926573867970062,-0.6586692709222178,-0.24866948369697725,0.12921879958919394,-1.1521735688819792,-1.217395057237822,-0.08998172521875802,-1.2091742076007475,0.7768074068609481,-1.020327293324383,-0.024230604129934805,-0.22673398785337362,-0.7510004253350719
2013-07-01,-0.28329998773945686,0.5145166843500351,0.5170546109815247,0.17583111395588016,2.72081730774148,0.2829461283593811,-0.4812250826818562,-0.9211097848499173,1.0161405469601577,-0.8120825531764009,-2.8497375253344996,-0.10759953135163085,0.6719326803135953,-0.8603728051768279,-0.39558003728245733,-0.4932613753943752,0.5150847428741051,0.5469390552858561,-0.4419222045161699,-1.4437933401025556,-0.09363423399734357
2013-08-01,-0.5255214772566923,-1.856442750382217,0.5541785958146626,1.6402602216903859,0.4137300997916569,-0.49502660616319377,-1.4592946093072665,-1.15089290596037,-0.7569361116529233,-0.8477583728855755,-0.9017035877676742,-1.245302519750523,0.8468469781816635,-1.5641140873329105,-0.39558003728245733,-1.0844668110228635,0.6132307418691719,-0.7872005139121088,-0.6601997505244616,-0.09343266345098813,-0.37981157721735376
2013-09-01,-1.7621259237394205,-0.6709630330160907,0.1829387474832919,-0.21269089421858267,1.4315626915342257,1.383850941363025,0.10636041240109079,-0.6700967014629552,-0.1601105042885606,-0.7353240727297666,1.6329542059982514,0.6238788964466121,0.582690691605397,-0.8594361486344728,-0.08998172521875802,0.2134138718803022,1.9872747278000957,0.6352818348526126,-1.2463153833245013,-1.2173636931724763,-0.9353323022914898
2013-10-01,-0.9972159568428873,0.9512723696954503,0.9625424289791695,-0.15291827757635926,-0.16304170219579883,-1.4736086621664328,-1.4295434449992699,-1.1946016518237708,0.47499546273182763,-0.7255160734723186,-0.1269173625990507,-1.3261970412877233,-0.9808289505622388,0.01836714097592073,-0.7011783493461566,0.9662770438134543,1.3656834008313445,-0.01665515880206404,-0.4028478289961683,-1.0448023896652778,-0.5658268503103595
2013-11-01,-0.7040004695325496,-0.10942000900055729,-0.2996730553474892,-0.7805307523197158,0.4137300997916569,-1.8943989462478252,-0.6039486354523443,-0.8174576160881375,-1.5886639259974307,-0.791637125548825,-1.3997804468046464,-0.6539803251240769,0.5041577415421816,-0.7325191871453658,-1.3123749734735553,-0.9366654521157415,0.48236940987575044,-0.2203343450254205,-0.24655032691615597,-1.488531455826645,-0.3503521448270579
2013-12-01,0.9023104609501703,-1.2948997263666835,0.36855867164897643,-1.10928014385195,1.957442863934554,-1.028353826684959,-1.176658548381293,-0.7874859046389486,-1.934927179249641,-0.8193037703886764,-0.7578147173792156,-1.1943435414940375,0.47203062560723025,-0.6168421041645186,-1.3123749734735553,-0.16994590278504623,1.202106735839567,-0.28086550880264227,-1.447076829961758,-0.8594587673797682,-2.1995628008692982
2014-01-01,0.239388489639841,-0.920537710356328,0.5541785958146626,0.38503527220366746,-0.0442945664925016,-0.34334638748269153,-0.775017830223329,-0.32791966241804305,-1.7922458387135551,-0.7423534844597354,1.0241936005086185,-1.1733962783841223,0.19002594128932382,-1.2974791916091775,-0.39558003728245733,0.07485009790487504,-0.7280979110633973,-0.2505999269140308,-0.16166461457959896,0.09738909545379767,-0.01283121944110605
2014-02-01,-1.8386169204290739,0.5353145741283881,0.8511704744797591,-1.10928014385195,2.0592261231088087,-0.005735578161574306,-0.5407274112978508,-0.508998752423563,0.5776564272638909,-0.6882539705851435,0.6146637386337745,-0.8071619473569487,0.5291454983804773,-0.978547638937288,-0.08998172521875802,0.06099372050733183,0.6459460748675265,-1.7565171230473553,-0.5470188007423843,-0.18382191766904396,-1.2130926648285578
2014-03-01,0.3286279857777702,-0.920537710356328,0.9625424289791695,-0.27246351086080606,1.1262129140114554,-0.446097503363032,-0.5258518291438525,-0.6601061309798922,-1.035338727333092,-0.695252278723386,-0.41469510337596804,-1.0551013707124917,0.8468469781816635,-0.848196270126212,-1.3123749734735553,-0.29927209182877845,2.0199900607984502,-0.6636842202585874,-1.9523489272031722,0.12477977855017812,-1.3502894499605045
2014-04-01,-0.3852879833256608,0.05696310922626711,-0.4110450098469013,-0.7506444439986041,0.04052481615271372,0.14594464051892797,-0.4551928139123585,-0.3229243771765125,1.672126710156557,-0.7121881844179329,-0.5807207230549587,-0.7787498413933179,-0.10982714077022256,-0.8038611937880741,-1.3123749734735553,0.32426489106064293,0.024354747898775377,0.08559342865945992,-1.0940600580224225,-0.15369216626302534,-1.7904975396783431
2014-05-01,-0.7040004695325496,-0.10942000900055729,-0.7080368885119979,0.11605849731365145,1.0244296548371976,-1.4393582902063193,0.2253650696330787,-0.10438064785950617,-1.0057584494170762,-0.7310680645953248,-0.6139258469907569,-0.6126190019652255,-1.0236651051421737,-0.03736392329420461,-0.7011783493461566,0.09332526776826489,-0.5972365790699758,-0.4861806724253828,-0.7208324021934316,-1.1799297596074216,-1.870458856166286
2014-06-01,0.5581009758467298,-0.8373461512429156,1.3709062621436765,-0.0034867359707953928,1.261923926243798,1.1636699787622966,-0.403128276373363,-0.42407890331752535,-0.2853916813446368,-0.7912120431285764,-1.3001650749972522,-1.125788862225224,-0.29545047728327495,-0.35894933616943175,-1.0067766614098559,-1.4909205480174486,-0.4009445810798436,-1.359792603696643,1.1506954459887673,-0.673202122324379,-1.4916947254339203
2014-07-01,0.9278074598467209,2.074358417726517,0.665550550314073,0.6241257387725664,0.9056825191338974,-0.3727038491627889,-0.775017830223329,-0.6451202752552987,0.9761201709561325,-0.6540141000272973,2.042484067873095,-0.865738112198857,-0.7095333048893153,-1.1232610747311407,-0.08998172521875802,0.4628286650360701,-0.8589592430568187,-0.4608230227349247,0.084908168874211,-0.9480219760580657,-0.9386990945646668
2014-08-01,0.7748254664674141,0.5145166843500351,-0.15117711601494094,-0.7506444439986041,-1.01123552864794,0.7575584255209523,-0.0870221556008927,-1.152141727270752,1.4563646830044261,-0.6674975070403113,-0.5143104751833625,-0.6197791573555241,-0.5774551616011814,-0.46978702701477787,-0.08998172521875802,0.4905414198311549,-0.5645212460716211,0.7023569082273717,-1.4322555151093432,0.4142079966019343,1.312001540053881
2014-09-01,-1.0737069535325408,-2.2516026561709257,1.5194022014762247,-0.5115539774297051,-0.3326804674862295,-0.025307219281639537,0.05801477040059426,-1.060977771612802,1.555545614840488,-0.5612683734337447,1.4779969609645267,-0.697017429331721,-0.32757759321822627,-0.334440156644476,-0.7011783493461566,-1.0290413014326922,-0.1719372500913568,0.4168788520347973,0.05122336239145005,-1.189059987306216,-0.7653092924960726
2014-10-01,-0.5382699767049676,0.05696310922626711,0.44280664131525055,-1.139166452173067,0.05748869268175618,0.08722971715873315,-1.2733498323822834,-0.7625094784312905,0.8316988140720447,-0.43138495831991885,1.8321849496130402,0.040173888405589823,-0.755939139017578,-0.016445260514941676,-1.0067766614098559,-0.28079692196538697,-1.1861125730403723,-0.42564950864815987,-1.5818160558928018,0.16038766657547307,-0.16349517366575755
2014-11-01,0.15014899350191233,-0.8165482614645625,1.2224103228111283,-0.6609855190352689,0.21016358144314135,0.22423120499918717,-0.23949687267937883,-0.844931684916561,0.6507371138799357,-0.34217467331916707,1.1459457216065452,-0.2330545944135603,-0.48107381379632735,0.20725954368418642,-0.39558003728245733,0.32426489106064293,0.18793141289055146,0.2508271459972823,0.5564954596328644,0.1722569625839043,0.03346217431507175
2014-12-01,0.8640649626053433,0.7640913616902718,0.4056826564821143,0.08617218899253974,0.820863136488685,0.15573046107896016,-0.16511896190938458,-0.6426226326345317,0.22443310861967528,-0.36415454480520254,-0.6471309709265551,0.24858011338278385,-0.9915379892072224,-0.9908802834116287,-0.39558003728245733,-0.4932613753943752,1.0712454038461456,-0.5974271355835208,-0.6884949879699799,0.7839822184030734,-0.1845376253731112
2015-01-01,-0.5510184761532434,-0.9621334899130343,1.8535180649744594,0.4149215805247792,0.4646217293787843,0.4003759750797699,-0.7043588149918364,-0.5015058245612654,0.32361404045573455,-0.32117456497248525,0.3932962457284537,-0.21728701818173274,0.7040597962485468,-0.8778570606341219,-0.08998172521875802,0.6983870807942948,-0.7280979110633973,-1.4595872250590902,-0.37185780703202764,-0.6348551659894459,-0.3503521448270579
2015-02-01,-0.18131199215325233,-0.25500523744902903,1.6307741559756368,-1.0793938355308381,-0.790705133770385,1.124526696522167,0.24395954732557726,-0.2779668100027266,-0.8874373377530028,-0.3114702443541227,-0.13798573724431676,-0.7478240638564971,2.0105625109365706,-1.069559432969452,-0.39558003728245733,1.8992731219146615,1.660121397816542,-0.9352564685563957,0.7868995359749485,0.09556304991403933,-1.2821119064286783
2015-03-01,-1.0864554529808166,0.4105272354582699,0.14581476265015397,0.534466813809226,0.6851521242563423,0.04808643491860356,-0.589073053298346,-0.4665388278705441,-1.1519198226491634,-0.37015753800822826,-1.2226864524803898,-0.20517569151090873,-0.945132155078959,-0.572819246673832,-0.7011783493461566,-1.0013285466376076,0.6459460748675265,0.705628863026141,-1.3150323885493345,1.110844370019883,0.9551215590971621
2015-04-01,-1.1629464496704698,0.7848892514686254,1.0367903986454436,0.9827614386259123,0.8717547660758125,0.5618420143203043,-0.4217227540658616,-0.2380045280704749,-0.4385131199687294,-0.3333516211330271,0.29368087392105924,-0.8453240521499217,2.246161361126213,-0.22734909196855016,-1.0067766614098559,-1.5463460576076196,1.1366760698428562,-0.4820907289269209,-1.3918337473300286,-0.7288965112870197,1.264024750161114
2015-05-01,0.851316463157068,-1.3572933957017428,0.776922504813485,0.14594480563476847,0.7869353834305971,-0.23570236132233577,-0.5704785756058475,-0.39285837055795303,-0.5429141008487921,-0.41344855375820094,-1.565806066483637,-0.7052439908439789,-0.17765105218845376,0.034134192772230336,-0.7011783493461566,0.019424588314703846,-0.5318059130732651,-0.4485531922395413,-0.723527186712052,-1.3031878335411355,-1.6642428294342213
2015-06-01,1.3612564410880894,-0.4629841352325601,1.2966582924774024,1.4609423717637102,1.1771045435985827,1.2223849021224904,-0.44775502283535934,-1.1658787616849655,-0.720395768344902,-0.30951071807541447,1.3783815891571323,0.2687656578341566,-0.5239099683762629,-0.446370613455902,0.21561658684494125,0.4120219479117472,0.9403840718527241,-0.4714568758309228,0.5996120119307994,-1.510444002303749,-1.100305123677143
2015-07-01,-0.1558149932567012,-0.6085693636810314,-0.4481689946800375,-0.9000759856041679,0.9056825191338974,-0.8913523388445058,-1.0502161000723047,-0.7937300111908627,0.3618944001117577,-0.33405663587880585,-0.6803360948623532,-0.629376812453158,-1.0236651051421737,-0.543158456165923,-0.08998172521875802,-0.46092982813344213,-0.9571052420518841,0.9837450209214867,-1.4578559680362413,0.15947464380559326,-0.46398138404676836
2015-08-01,0.8768134620536187,-0.7749524819078563,0.776922504813485,-1.3184843020997372,0.5494411120239996,1.4914949675233815,-1.2287230859202884,-0.5065011098027976,0.6629172283159419,-0.30683062525506527,0.13872362888733453,0.15884965540649224,-0.35970470915317765,-0.30493547556029266,-0.39558003728245733,1.1048408177888813,0.9730994048510802,0.8160573374845865,-2.5074745380390717,-1.4867054102868853,-1.0312858820770225
2015-09-01,0.18839449184673873,1.7415921812728674,1.0367903986454436,-1.7667789269164234,0.05748869268175618,-0.33356056692265934,0.4819688617895557,-0.9073727504357056,-0.041789392624487276,-0.27321801046368427,0.23833900069472894,0.28194339062693985,0.6076784484436913,-0.7496912237552075,0.21561658684494125,-1.4678265856882102,0.2533620788872622,1.2176897890334535,-0.5712718614099731,-0.5088580237460951,0.21611065513490163
2015-10-01,-0.8314854640153052,0.3273356763448575,-1.0421527520102307,1.162079288552588,-1.3165853061707133,-1.693789624767161,-0.8642713231473217,-0.21302810186281668,1.1814421000202588,-0.2817663142562485,-0.4257634780212341,0.4080840004815577,0.1614685049026997,0.6374971154725981,-0.39558003728245733,0.41664074037759385,0.6132307418691719,-0.32503689858602,0.25063741676939544,0.021608205553811245,-0.8132860823888384
2015-11-01,0.2266399901915657,-1.3988891752584491,-0.6337889188457237,0.4149215805247792,0.4646217293787843,-0.13784415572201136,-0.9274925473018152,0.16786239780396542,-1.1205995283851455,-0.2245616251410598,0.6035953639885088,0.9343554216684843,-0.9736895914655824,-1.0765843570371145,-1.0067766614098559,-0.7750077158110762,-1.0879665740453055,-0.013383204003295925,0.7868995359749485,-0.12721450593652475,1.6310051079373615
2015-12-01,1.4887414355708457,0.8680808105820378,-1.3020206458421901,-0.21269089421858267,0.29498296408835667,-0.8815665182844736,-1.5597047888467572,0.09543076180175782,-0.34629225352467297,-0.24990586846540577,-0.6914044695076194,-0.5854256458552631,-1.0272347846905017,-0.2196997302059839,-1.0067766614098559,1.3819683657397341,-0.8262439100584641,-1.1855610106622065,-0.5470188007423843,0.038955638181518815,0.8204498681700991
2016-01-01,-0.0538269976704967,2.1159541972832234,0.03444280815074359,0.11605849731365145,0.379802346733569,0.664593130200644,-0.6969210239148359,-0.39160954924757124,-0.8648171252289899,-0.17057097383750686,0.9467149779917564,-0.5928904887089785,-0.42038926147475314,0.6590402159467639,-0.7011783493461566,1.6406207438271985,0.6459460748675265,0.7866097442956677,-0.49447050262927705,-0.07791127636303892,0.006527836129659647
2016-02-01,1.6417234289501512,0.9928681492521565,0.7397985199803472,-1.139166452173067,-0.9094522694736853,-0.7494579407240357,-1.0613727866878027,0.2927445288422547,-1.9192670321176333,-0.2636484720761324,-1.7318316861626282,-0.18041983510828152,-0.5667461229561984,-0.2680936515609944,-0.08998172521875802,-0.8997151123889601,-0.8916745760551749,-0.9303485363582423,0.7828573591970189,0.6105078921259964,0.7017704405406249
2016-03-01,-2.578029888429056,-1.6692617423770393,1.2966582924774024,2.058668538185955,-0.7228496276542121,-0.509705337003242,0.6084113100985441,-0.1743146412409467,-0.3967527276167048,-0.2422336491731107,0.03910825707994004,-0.6314334528312223,-0.8344720890807935,-0.34287006552567073,0.5212148989086406,-0.6918694514258201,0.48236940987575044,-0.010111249204526647,-1.650533061117633,-0.8028513556472477,0.7775232666870973
2016-04-01,0.9278074598467209,-0.5877714739026788,0.25718671714956604,-0.0034867359707953928,1.075321284424325,-1.9188634976479066,0.27371071163357524,-0.337910232901106,-0.4245929891847212,-0.0798832682297935,2.2527831861331498,0.031718811295769346,-0.4096802228297689,-0.4037527407787477,-0.7011783493461566,0.6198676088748871,-1.3169739050337939,-0.8567295533859446,-0.4419222045161699,-0.6138556422822216,-0.6188538286128915
2016-05-01,0.1628974929501876,1.2424428265923928,1.3709062621436765,-0.0034867359707953928,0.10838032226888658,-0.5292769781233073,-0.6597320685298401,-0.43906475904212067,1.0422407921801744,-0.14608207928561254,-1.3112334496425182,0.0653867760033429,0.7326172326351695,-0.3035304907467596,0.5212148989086406,-0.5255929226553082,0.8422380728576587,-0.5099023447164557,0.03774943979834643,-0.6622458490858276,-0.8217030630717805
2016-06-01,-0.28329998773945686,-0.7957503716862093,-0.8565328278445462,0.534466813809226,0.6681882477272999,-2.4962269106898174,0.9988953416410087,-0.3329149476595754,0.3444942366317481,-0.18720102754675266,-0.9238403370582063,-0.017107354716796676,1.7642546221019426,0.44142367927294507,-0.08998172521875802,-0.20227745004597927,-1.1861125730403723,-0.6587762880604352,0.2587217703252584,0.3749480174971213,-0.05996631126557843
2016-07-01,0.04816099791570781,0.38972934567991685,-1.1164007216765048,0.32526265556143874,0.05748869268175618,-1.7182541761672425,0.3071807714800721,-0.37912133614374127,-1.0127185148090792,-0.13565200819365464,0.5039799921811141,-0.5123006546351949,-0.48821317289298305,-1.2200489174411606,0.5212148989086406,-0.12837677059241825,0.5478000758724612,-0.49517854812199685,-0.5052496407037603,0.43246845199952166,0.609183653028268
2016-08-01,-2.1318324077394117,0.7432934719119192,0.10869077781701773,0.11605849731365145,0.006597063094628796,0.537377462920223,-0.40684717191186326,-0.18180756910324433,1.5642456965804927,-0.11010559152309213,0.10551850495153635,-0.773951013844501,1.4251350650107892,0.551480822999661,-0.08998172521875802,-1.9204682473412715,0.6132307418691719,-0.436283361744158,-0.05387323383476429,0.15764859826583488,0.01073632647113014
2016-09-01,-0.3597909844291097,-1.0245271592480936,0.4056826564821143,-0.7805307523197158,0.7360437538434698,0.537377462920223,-1.6006126397702545,-0.18430521172400963,1.061380972008186,-0.07125720545791471,0.3047492485663253,-0.44336511603711026,-0.6631274707610525,-0.8160377288386891,-0.08998172521875802,-0.1514707329216564,-0.6953825780650427,-0.42892146344692916,-2.0830459763562845,0.6388115979922554,-1.4243588799703888
2016-10-01,0.2266399901915657,-0.10942000900055729,0.10869077781701773,0.3551489638825504,-0.5192831093056995,0.18998083303907368,1.0881488345650012,-0.22676513627702843,0.5167558550838522,-0.021631424859844376,0.47077486824531595,-0.7200975046855547,-0.35970470915317765,-0.25669766362900787,0.21561658684494125,-0.7657701308793812,0.5478000758724612,0.4888618576077098,-0.5914827452996285,-0.8576327218400099,-0.7636258963594846
2016-11-01,1.4122504388811916,-3.4162844837586985,-1.4133926003416006,1.6103739133692687,0.006597063094628796,-1.1408907631253318,-0.949805920532814,-0.031949011857296795,-0.21057097838059,0.03930569526240736,0.6368004879243067,0.8804257406436846,-0.7487997799209224,-0.3153948069499232,-0.08998172521875802,-0.5763996397796312,0.22064674588890756,-0.7659328077201113,0.31800702973491735,0.9729779317681009,-0.14076932582181595
2016-12-01,-0.5637669756015187,-1.107718718361506,0.03444280815074359,1.162079288552588,-0.4344637266604843,-0.1916661688021901,-1.0762483688418023,0.29649099277340357,-0.901357468537011,0.1371783305587176,1.1791508455423434,-0.38996863807328896,0.15789882535437247,0.1786915191423572,-0.08998172521875802,1.2203106294350705,-0.5645212460716211,0.11504102184837878,-0.8313185674568867,0.8935449507885964,-0.13235234513887495
2017-01-01,-0.7932399656704788,-0.3173989067840884,-0.8936568126776824,1.3712834468003752,-0.3835720970733569,-0.09380796320186567,0.4299043242505603,0.2552798895307683,-0.4524332507527376,0.18063004819927184,0.34902274714738946,-0.6867342274413987,3.0671876572416377,-0.8279020450418527,-0.39558003728245733,-1.2692185096567654,-1.055251241046951,0.7817018120975143,0.021580732686620557,0.4032517233633816,1.6007039774787735
2017-02-01,-0.41078498222221194,-1.3364955059233896,0.5913025806477988,-0.5115539774297051,-0.24786108484101416,-1.1751411350854453,1.2369046561049872,-0.6101532785645776,0.7638381765000032,0.17345548637458466,-0.40362672873070204,-0.8564451445646397,-0.16694201354346955,0.15449455846485285,-0.7011783493461566,0.6521991561358201,-2.0039958979992556,-0.3373067290814033,0.3463022671804357,1.0843667096933822,-1.2164594571017349
2017-03-01,1.0680409537777524,1.658400622159455,0.33143468681584015,-0.9299622939252796,0.21016358144314135,1.4621375058432842,0.6641947431760399,-0.9773067438171479,1.4302644377844094,0.23733707984685265,0.6478688625695728,0.042839903710488306,-0.54532804566623,0.9035075735014292,0.21561658684494125,-0.3500788089531014,0.2533620788872622,-0.4575510679361554,-0.2802351333989169,-1.1004967786279185,0.38445026879373084
2017-04-01,0.46886147970880054,-1.5236765139285675,-0.6337889188457237,-0.12303196925524224,-0.40053597360239934,0.8554166311212759,0.2216461740945798,0.34769266649910174,1.1414217240162337,0.3966548605969312,2.042484067873095,0.22824222519970275,0.3221040845774577,-0.6655482443669805,0.21561658684494125,-0.34084122402140643,-1.6114119020189914,-0.12462966716143395,0.1455408205431811,-0.3636874033352771,1.2219398467464067
2017-05-01,-0.43628198111876304,-0.4837820250109132,-0.3367970401806271,0.026399572350316317,1.0413935313662401,-0.24059527160235186,0.2588351294795756,-0.5139940376650936,-0.5811944605048153,0.39792492392572376,-0.2708062329875094,-0.532638542818276,-1.0308044642388294,0.07924981622899763,0.21561658684494125,0.6568179486016669,-0.008360585099580714,0.8119673939861257,-0.758559385454124,-0.48603245449911114,1.8902481129719597
2017-06-01,0.5835979747432815,0.09855888878297332,-0.7451608733451341,0.9827614386259123,-0.8415967633575124,-0.03509303984167172,0.4187476376350622,-0.095638898686825,-1.0562189235091055,0.33373229453620035,-1.2116180778351238,-0.6560369655021412,1.3251840376576065,-0.30228161535695225,-0.39558003728245733,0.24574541914123527,-0.368229248081489,0.18048011782375387,-0.13606416165270097,0.45803308955614375,-0.35287723903194046
2017-07-01,0.08640649626053422,1.4712196141542775,-0.0026811766823926606,-1.5276884603475245,-0.29875271442814155,0.09701553771876534,0.38155868225006506,-0.4652900065601606,0.12177214408761207,0.43140275648629406,1.1238089723160132,-0.23069326657207848,-0.19549944993009366,0.22474379914148046,0.21561658684494125,0.46744745750191674,0.5478000758724612,-0.28086550880264227,0.5349371834838978,-0.6613328263159478,0.4105429089108496
2017-08-01,0.9278074598467209,-1.5236765139285675,0.7397985199803472,1.3712834468003752,-0.570174738892827,-2.143937370528652,0.1323926811705872,-0.712556626015974,-1.4668627816373558,0.433621479362714,-0.25973785834224333,-0.5257069030255407,-0.5310493274729187,0.05161844822952439,-0.39558003728245733,0.8415696472355703,-0.4009445810798436,0.39724712324218514,0.18057301928525127,0.5064232963597497,0.4862957350573232
2017-09-01,-0.8059884651187541,1.2008470470356876,-0.7080368885119979,-0.12303196925524224,0.9905019017791127,-0.4069542211229024,0.050576979323595096,0.16661357649358188,0.39843474341978136,0.2762632248913437,-2.53982303526705,0.3694648644934589,0.13291106851607684,-0.24030617413779545,0.8268132109723398,-0.3500788089531014,-0.46637524707655437,-0.6268747287724397,-0.4095847902927201,0.910892383416304,0.17991763819825396
2017-10-01,-0.42353348167048777,-0.005430560108792213,0.36855867164897643,-0.3621224358241412,-0.07822231955058653,-0.8277445052042949,-0.027519826984898087,0.26527046001383126,-0.00176901662046218,0.3537422718796198,0.8360312315390958,0.07612700908879015,0.057947798001189925,0.30607680890264144,0.21561658684494125,-0.6041123945747175,0.5805154088708159,0.5543009535830861,0.25737437806594726,0.4927279548115589,-0.058282915128989275
2017-11-01,-0.44903048056703887,-1.0245271592480936,-0.4110450098469013,-0.8701896772830509,0.634260494669212,-1.106640391165218,-0.39569048529636386,-0.20053988875898845,-0.3062718775206479,0.3237013862047193,-0.7246095934434176,-0.3706209841463129,-1.0236651051421737,0.9400371786532743,-0.08998172521875802,-1.0290413014326922,0.18793141289055146,0.3890672362452625,0.6642868403776991,0.24164669309473585,0.401284230159614
2017-12-01,-1.4816589358773586,0.4729209047933288,-0.5966649340125858,-1.4380295353841892,-1.4692601949320985,-0.35313220804272455,-0.11677331990888935,-0.9098703930564709,-1.3415816045812796,0.32824251059664566,-0.22653273440644517,-0.5666873668551204,0.06508715709784564,0.023050423687695193,0.21561658684494125,-0.7842453007427711,0.15521607989219682,-0.06573448078359624,-1.558910387484524,-0.5581612533195809,-2.087616957786176
2018-01-01,0.37962198357087246,0.20254833767473887,-0.1140531311818047,0.8034435886992367,0.04052481615271372,1.7361404815241914,-0.8865846963783192,-0.0931412560660597,0.4297550376837992,0.3656445796465858,0.24940737533999502,2.695601303950165,-0.7880662549525307,0.46702562476398246,0.21561658684494125,2.712180595903833,0.2860774118856183,-0.3994738702580103,1.046946242021864,-0.45498968032321274,0.6277010105307391
2018-02-01,0.405118982467423,-0.6293672534593845,-0.8194088430114083,0.11605849731365145,0.600332741611127,0.6548073096406118,0.020825815015598447,0.30273509932531767,-0.5324740027607853,0.39204116115764565,0.08338175566100428,-0.22414248610861395,0.2292924163209309,-0.45839103908279133,-0.08998172521875802,1.1464099499815095,-1.676842568015702,-0.4174696216512384,-0.1508854765051157,0.8971970418681144,0.16897556331042923
2018-03-01,0.18839449184673873,0.07776099900462022,-0.4481689946800375,-1.0793938355308381,-0.07822231955058653,-0.49991951644320987,-0.45891170945085874,-0.3641354804191478,-1.1118994466451408,0.45878946900061623,0.6700056118601049,0.29527346715143143,0.8325682599883522,-0.28323626566240123,0.5212148989086406,-1.246124547327527,0.5478000758724612,0.5264893377935512,0.4769993163335481,0.6095948693561166,-0.11551838377299178
2018-04-01,-0.06657549711877198,-0.4005904658975008,-0.9679047823439565,-1.0793938355308381,0.7360437538434698,0.6205569376804984,-0.507257351451354,0.27526103049689415,-2.5822132607060353,0.4365141133931876,-0.6139258469907569,-0.5528240872696497,0.6219571666370041,0.40348908930756516,0.5212148989086406,-1.2137930000665942,0.41693874387903973,0.9943788740174848,1.1116210704687657,0.09921514099355602,1.804394910005956
2018-05-01,-1.290431444153225,0.11935677856132643,1.3709062621436765,-0.21269089421858267,-0.6380302450089999,1.4083154927631063,0.2253650696330787,0.20033175187392127,-0.0591895561044969,0.4879957416308816,0.4375697443095179,-0.09152726765638662,-0.19549944993009366,0.8947654457727813,-0.39558003728245733,0.4628286650360701,-1.1861125730403723,-0.21297244672819052,-0.9539312630541361,-0.1299535742461616,-0.47744855313947443
2018-06-01,-0.3342939855325585,0.701697692355213,-0.07692914634866681,1.580487605048157,0.9396102721919823,0.9043457339214377,0.9170796397940166,0.4126313746390117,1.5799058437125004,0.47939559851877467,-0.41469510337596804,-0.6483436070508632,-0.36684406824983334,0.3836631924943839,-0.39558003728245733,0.5321105520237829,-0.46637524707655437,0.5174914620969372,-0.40689000577409973,-1.1443218715821266,-0.2392479998122312
2018-07-01,-0.32154548608428324,1.658400622159455,-0.5966649340125858,-0.12303196925524224,1.6351292098827384,0.013836062958490056,0.671632534253039,0.22530817808157771,1.5659857129284922,0.5484300203535711,0.692142361150637,-0.0022538408752200085,-0.8487508072741049,0.08783583453391984,0.5212148989086406,0.5413481369554778,-0.2700832490864222,-1.1340277225815976,-0.05522062609407542,-0.5216403425244062,1.7858775525034847
2018-08-01,-0.844233963463581,-1.2741018365883303,0.07156679298387984,-1.228825377136402,-0.6719579980670848,-0.7152075687639222,-0.7006399194533361,-0.19429578220707433,-0.2053509293365866,0.6078638002090895,0.5482534907621784,1.9868982640423392,0.5612726143154286,0.2515946200223234,0.8268132109723398,-0.19303986511428436,-0.368229248081489,-0.1368994976568161,-0.44461698903479024,1.397533519762001,-0.5809774155396548
2018-09-01,-0.21955749049807874,2.240741535953342,-0.18830110084807886,-0.09314566093413051,-0.7737412572413426,0.5814136554403687,-0.362220425449867,0.6211845334729551,-0.2888717140406382,0.546708954944759,-1.1452078299635273,-0.16107218118130548,-0.6952545866960038,-0.3161753540685517,0.21561658684494125,-0.0683324685364004,0.08978541389548611,0.23855731550190012,1.602071852857765,-0.6302900521400493,-0.3343598815294693
2018-10-01,0.36687348412259607,-2.0020279788306885,-0.2996730553474892,-0.12303196925524224,0.820863136488685,0.2927319489194133,0.7311348628690336,0.13164657980286074,0.6489970975319338,0.6427412943973086,1.0573987244444167,-0.4187616033661914,-0.22048720676838804,0.569901734999311,0.8268132109723398,0.3612152307874243,1.1693914028412125,-0.3225829324869445,-0.48099658003617346,0.3219926968441188,0.014103118744307249
2018-11-01,1.9221904168122144,-0.1302178987789104,0.33143468681584015,-2.274846168375333,0.9396102721919823,0.8162733488811463,-0.3250314700648699,0.21656642890889832,-0.656015163468862,0.6126485694028654,-0.7135412187981515,-0.5409412761963881,-0.7487997799209224,0.7175812498439536,0.21561658684494125,0.1441319848925878,0.8095227398593027,-0.3266728759854052,-0.22633944302650055,0.8579370627633015,0.8549594889701588
2018-12-01,0.239388489639841,0.6393040230201537,0.4056826564821143,0.08617218899253974,-0.8246328868284699,0.6107711171204662,0.11751709901658887,-0.07690657903108089,0.4193149395957949,0.6870639126061776,0.7474842343769673,-0.09266984564420001,-0.8523204868224328,0.11000337270298836,0.5212148989086406,-1.9805125493972902,-1.5459812360222807,-0.1368994976568161,0.3988505652935429,-0.5755086859472884,0.3314232904912
2019-01-01,0.39237048301914773,0.3273356763448575,-0.5595409491794495,-0.06325935261301881,-0.7058857511251697,1.0755975937220044,0.5637845636365478,0.15662300601051896,0.7620981601520037,0.7272082816599176,0.2604757499852611,-0.3876834820976622,-0.02058515206202421,0.11905771927908766,-0.08998172521875802,-0.13299556305826488,0.3187927448839729,0.5052216316015539,-0.7262219712306723,0.35760058486941376,-0.9218651331987837
2019-02-01,0.11190349515708535,-0.6085693636810314,-0.5966649340125858,0.773557280378125,-0.570174738892827,-0.4265258622429668,-0.26552914144887524,0.03548733890337844,1.1118414461002155,0.8817309253523115,1.8321849496130402,-0.27334951145045167,-0.7702178572108908,0.48107547289930763,-0.08998172521875802,-0.7011070363575151,1.0058147378494349,0.20501977881451938,-0.06330497964993644,0.8515459033741466,-0.27207422447570295
2019-03-01,-1.7366289248428695,-0.17181367833561662,-0.3739210250137634,1.819578071617056,-1.4692601949320985,1.4132084030431225,0.3480886224035682,0.33395563208489,-0.06614962149650223,0.8759352894274566,-0.3704216047949038,0.5144199252140728,0.3185344050291292,0.1694810631425322,1.1324115230360392,0.2549830040729302,0.08978541389548611,-1.1233938694855994,0.5241580454094146,0.27268946727063426,-0.3259429008465283
2019-04-01,0.18839449184673873,-0.4629841352325601,-1.8960044031723826,1.1919655968736995,-1.1130187878221978,0.31719650031949465,-0.43659833621985994,1.0557743494862024,-0.14271034080854852,0.8603575739049237,-0.5032421005380965,-0.0624296149000675,-0.7309513821792837,0.3605589977829594,-0.08998172521875802,2.8599819548109533,0.7768074068609481,-1.0325971238197662,0.009454202352826154,2.1106043030377797,0.12941575410060446
2019-05-01,0.2521369890881168,-0.5669735841243256,-1.3391446306753272,-0.06325935261301881,-1.231765923525498,2.1324662142055026,-0.012644244830898443,-0.09938536261797382,-0.678635375992875,0.8704351376239932,-0.16012248653484887,-0.2671034184504038,-1.1521735688819792,1.3922861791870307,0.8268132109723398,0.4489722876385269,1.660121397816542,-0.02810700059775477,0.21560521802732335,-0.7763736953207472,0.5620485612037956
2019-06-01,2.64885488536392,0.9304744799170968,0.8140464896466213,-0.8104170606408274,-1.079091034764113,-0.6124564528835825,0.5191578171745529,-0.20178871006937021,-0.5603142643288042,0.8584395190818505,-0.4589686019570322,1.243689368902543,-0.38112278644314607,0.31076009161441764,1.1324115230360392,-0.16994590278504623,0.6786614078658827,0.681907190735067,-0.12663241583752688,0.9793690911572558,0.5654153534769728
2019-07-01,-0.13031799436015007,0.43132512523662303,0.9996664138123058,2.5069631630026414,-0.5192831093056995,1.7165688404041262,-0.5295707246823514,0.9383851463102107,0.04521142477556578,0.9322276065186965,0.7032107357959031,-0.28873622835300755,-0.959410873272271,0.27594769012355524,0.5212148989086406,0.9755146287451492,-0.07379125109629144,-1.401510027380945,-0.910814710756203,0.20512578229956108,-1.2720115296091483
2019-08-01,0.3286279857777702,-0.6501651432377377,-0.4110450098469013,0.2654900389192153,-0.3326804674862295,0.17530210219902453,0.6195679967140435,0.29898863539416887,0.6315969340519242,0.8181292642055736,-1.8203786833247564,2.08112286210403,-0.5810248411495099,0.15808507521054743,-0.08998172521875802,0.5782984766822591,0.6786614078658827,0.08313946256038325,0.5847906970783827,0.8214161519681267,1.1276696630974619
2019-09-01,-0.04107849822222085,0.9928681492521565,0.1829387474832919,0.23560373059810358,0.7360437538434698,-0.6711713762437765,0.3778397867115648,0.13039775849247898,1.1466417730602372,0.7477833075863507,-1.255891576416188,-0.07598820702212244,0.2971163277391621,0.8271700652994923,0.21561658684494125,0.5274917595579363,-0.20465258308971143,0.07904951906192252,1.7543271781598442,0.6232902109043075,0.45431120846214484
2019-10-01,-1.188443448567021,0.38972934567991685,-0.0026811766823926606,0.20571742227699188,-1.4353324418740105,-0.49991951644320987,0.716259280715034,0.7910242316850286,-0.3428122208286715,0.6763331734608721,-1.27802832570672,1.3232889687202216,-0.945132155078959,0.41129456049385715,-0.08998172521875802,0.7076246657259914,-0.3355139150831329,1.346114014885127,0.3611235820328505,-0.1144321871582137,1.4163721005223546
2019-11-01,1.2082744477087828,0.909676590138744,2.0391379891401438,0.4149215805247792,0.26105521103027174,-0.30420310524256194,0.5489089814825495,0.2103223223569842,1.623406252412527,0.7618110274545609,0.8913731047654261,0.3972675955302554,0.975355441921469,0.20944507561634795,0.5212148989086406,2.0563120657534784,-0.7280979110633973,0.19929385791667462,0.5403267525211385,0.5128144557489046,0.6344345950770922
2019-12-01,0.8768134620536187,0.7224955821335656,0.5541785958146626,0.11605849731365145,-0.7228496276542121,0.473769629280013,1.1997157007199901,1.1681682674206635,0.033031310339559534,0.9064116253865135,1.6882960792245818,1.1514452393530612,-0.8487508072741049,1.1498482441408029,1.1324115230360392,-0.8812399425255703,1.1693914028412125,0.7154447274224477,0.9297231154618553,-0.8083294922665241,1.1966889046975824
2020-01-01,0.9788014576398231,-0.7749524819078563,-0.3739210250137634,-0.27246351086080606,-0.5532108623637845,0.6303427582405314,0.526595608251552,0.7885265890642632,0.18789276531165158,0.9098744919319551,-0.24866948369697725,2.7130446612307852,-0.863029525467417,1.2133847795972184,0.5212148989086406,0.6106300239431922,-1.1861125730403723,0.570660727576929,-0.6453784356720468,0.7775910590139186,0.6714693100820345
2020-02-01,-0.6912519700842743,-0.5045799147892663,-1.0050287671770937,-0.24257720253969436,0.07445256921079864,-0.3971684005628702,0.2328028607100792,0.3951478762936511,-0.4924536267567627,0.9083348641415422,-0.3150797315685736,-0.16907022709600006,0.27569825044919366,0.2846898178522014,0.21561658684494125,-0.6733942815624303,1.1039607368445017,-0.9025369205687075,1.7678011007529477,0.5958995278079258,1.4214222889321195
2020-03-01,1.6927174267432537,0.8680808105820378,-1.4876405700078748,0.23560373059810358,-1.4353324418740105,0.16551628163899235,0.5600656680980489,1.4166837081868586,-1.9714675225576646,0.9253640806112647,-0.06050711472745442,2.0870642676406623,-0.7309513821792837,-0.29072951800124,0.8268132109723398,0.7030058732601431,0.08978541389548611,1.0082846819122522,0.5672745977073477,0.8259812658175245,0.737121759408978
2020-04-01,-1.1629464496704698,0.7224955821335656,-0.15117711601494094,-0.21269089421858267,-0.1800055787248413,2.2890393431660208,0.8092316691775254,0.3963966976040347,0.9221796641681016,0.9859020379730397,0.5261167414716463,0.08229693022298384,-0.9272837573373197,1.0727301888202374,-0.08998172521875802,-0.6549191116990405,-1.7749885670107675,0.6606394845430708,1.7341162942701869,1.107192278940366,0.2245276358178438
2020-05-01,0.8258194642605163,0.07776099900462022,-0.8936568126776824,-0.3621224358241412,-0.40053597360239934,1.8584632385245963,0.5526278770210498,0.8996716856883408,0.8473589612040549,0.9667681451298894,-0.5475155991191607,0.013285219759044174,-0.6524184321160683,0.29764690002144667,1.1324115230360392,-0.18380228018258943,-0.07379125109629144,0.8659546481658101,-0.16705418361684157,0.6780715770970683,2.2294524344945006
2020-06-01,2.406633395846685,0.22334622745309196,-1.3762686155084636,0.38503527220366746,-0.1800055787248413,0.5520561937602722,0.5637845636365478,0.721090238303588,0.036511343035560966,0.9859020379730397,-0.038370365436922294,-0.027847587802243928,-0.7952056140491864,1.0059153554655789,0.8268132109723398,-0.06371367607055212,-2.4947258929745852,3.116241561019031,1.906582503461923,0.5502483893139579,1.074642684794931
2020-07-01,-0.9079764607049586,1.4296238345975714,-0.8194088430114083,0.08617218899253974,-0.4174998501314418,0.11658717883883056,0.1658627410170841,1.0819995970042424,0.4210549559437944,0.9859020379730397,-0.2929429822780415,0.22656644415090932,0.8075805031500565,-0.2694986363745274,0.8268132109723398,1.1186971951864229,0.18793141289055146,-0.8035602879059528,1.0752414794673824,-0.09434568622086667,0.81876647203351
2020-08-01,-0.5255214772566923,-0.5045799147892663,-1.153524706509642,1.6701465300114975,1.363707185418053,0.16062337135897625,0.2030516964020812,1.170665910041429,0.8804192718160746,0.9859020379730397,-0.2929429822780415,-0.22696084514522077,-0.7702178572108908,1.0886533500402729,1.4380098350997383,1.077128062993795,0.41693874387903973,1.7027570879509237,0.9068174470535776,0.02617331940320777,-0.7291162755594237
2020-09-01,0.13740049405363647,0.6808998025768599,0.8882944593128954,-2.065642010127546,-1.2826575531126254,0.6303427582405314,-0.1911512306788823,0.6024522138172128,-0.8891773541010048,0.9859020379730397,-0.2929429822780415,0.2728027667244319,0.49344870289719867,0.12077492294007033,1.1324115230360392,-0.9181902822523516,-1.055251241046951,0.3997010893412618,0.6602446635997676,1.2523628993511842,-0.7299579736277183
2020-10-01,-0.47452747946359003,-0.08862211922220418,0.29431070198270226,1.3115108301581464,-1.197838170467413,-0.9598530827647319,1.5827619411854554,0.32896034684335945,0.012151114163546011,0.9859020379730397,-0.2929429822780415,0.26541409573657065,1.2073846125627854,1.047752681024103,1.4380098350997383,0.29193334379970987,-0.3355139150831329,0.789881699094437,0.28162743873353413,1.4249242028583813,0.6100253510965626
2020-11-01,-1.494407435325634,-0.10942000900055729,-0.3739210250137634,1.4609423717637102,-1.265693676583583,-0.17698743796214095,-0.07214657344689306,0.8209959431342191,1.1292416095802276,0.9859020379730397,-0.2929429822780415,0.7769081749477755,-0.56317644340787,0.7296016754708429,0.5212148989086406,-0.4055043185432709,1.4311140668280553,0.585384524171389,1.464637842408099,0.36764383533808664,0.4955544138085588
2020-12-01,0.2266399901915657,1.2632407163707464,0.7026745351472109,-1.5276884603475245,-1.1808742939383707,-1.5029661238465293,0.2551162339410767,0.44135426477781875,-0.7099556702568953,0.9859020379730397,-0.2929429822780415,1.0628573593645831,1.4037169877208207,0.293588055004575,0.5212148989086406,-0.9043339048548084,-0.9898205750502401,0.35143975605942224,0.6184755035611438,0.5621176853223905,-0.13403574127546292
2021-01-01,-0.8569824629118563,0.9720702594738029,-0.3367970401806271,0.05628588067142803,-1.231765923525498,0.5765207451603527,0.2551162339410767,1.4991059146721293,0.5741763945678894,0.9859020379730397,-0.2929429822780415,0.15161332815033932,-0.6666971503093797,0.5670917653722448,0.21561658684494125,0.06561251297318012,-1.5459812360222807,0.26964088609020304,-1.0738491741327651,-0.03317316063895092,0.5107049790378528
2021-02-01,0.7620769670191389,0.9720702594738029,-1.0421527520102307,0.026399572350316317,0.34587459367548407,0.865202451681308,1.1736834319504923,0.8397282627899614,-0.9100575502770158,0.9462397745910446,-0.8242249652508118,0.06919536929605477,2.474620852219201,1.0966149306502921,0.21561658684494125,-0.012906958946229213,0.9403840718527241,0.8724985577633487,-0.37589998380995915,1.307144265543945,1.7387424606790123
2021-03-01,-0.6275094728428963,1.4920175039326302,0.7026745351472109,-0.9000759856041679,0.5494411120239996,-0.21613072020227056,0.526595608251552,0.6811279563713345,0.6594371956199405,0.9859020379730397,0.23833900069472894,0.03674615444214965,-0.9879683096588945,0.8423126794008992,0.5212148989086406,2.522810104804083,1.3983987338296993,-0.3225829324869445,0.38807142721905963,0.9958035010150847,0.996364764443576
2021-04-01,1.8839449184673873,0.16095255811803263,-0.039805161515530554,-0.3322361275030295,-1.163910417409325,1.7948554048843852,1.4042549553374704,0.9009205069987243,0.2418332720996849,0.9859020379730397,-0.2929429822780415,-0.08749015876611224,0.06865683664617413,1.0838139579047728,1.4380098350997383,0.6891494958625999,-0.5318059130732651,1.1751543766494588,0.8003734585680541,1.8239151532956606,-0.5405759082615353
2021-05-01,-0.5382699767049676,0.8472829208036843,-1.227772676175916,-0.6012129023930401,-1.4353324418740105,-0.969638903324765,0.3480886224035682,0.3252138829122106,-1.0788391360331187,0.9859020379730397,-0.2929429822780415,-0.1943592865596073,-0.44537701831304877,1.7532111668411707,0.5212148989086406,-0.9782345843083694,0.4496540768773944,0.42505873903171876,0.5160736918535517,0.035303547102000815,0.33563178083267053
2021-06-01,-0.11756949491187424,-0.1926115681139697,-0.5966649340125858,1.9690096132226198,-0.3835720970733569,-1.2436418790056722,0.8947662665630178,0.4525936565712652,1.4163443070004011,0.9859020379730397,-0.2929429822780415,0.09250396024745106,-0.6488487525677411,0.11250112348260129,0.21561658684494125,-0.21613382744352086,0.7768074068609481,-0.02810700059775477,1.557607908300521,0.36764383533808664,-0.23840630174393662
2021-07-01,0.9788014576398231,0.4729209047933288,-1.1164007216765048,1.251738213515923,-1.299621429641668,0.3612326928396403,0.28858629378757356,1.2518392952163175,-0.15489045524455725,0.9859020379730397,-0.2929429822780415,0.025929749490847365,-0.10268778167356683,1.6198937189793046,0.5212148989086406,1.2572609691618502,-1.2842585720354378,0.4307846599295647,-0.9930056385741396,0.769373854085004,0.12184047148595806
2021-08-01,-1.1629464496704698,0.015367329669560894,-1.4876405700078748,1.5506012967270453,-0.34964434401527195,1.134312517082199,1.9695270771894198,0.5475040761603658,-0.15315043889655527,0.9859020379730397,-0.2929429822780415,2.38382985700877,0.12934138896774833,0.9287973001450152,0.5212148989086406,2.2503013493190767,-1.0225359080485947,1.561245042904173,0.7114455694535656,1.0478457988982075,0.10921500046154539
2021-09-01,0.3031309868812191,0.24414411723144508,0.1829387474832919,1.0724203635892473,-0.7398135041832546,1.7410333918042074,0.12867378563208828,0.40763608939748114,0.7620981601520037,0.9859020379730397,-0.2929429822780415,0.43291602875003904,-1.1700219666236191,0.47639219018753315,1.4380098350997383,-1.1398923206130331,0.6459460748675265,0.40215505544033847,-0.8636559816803384,0.5091623646693879,0.06544670091025012
2021-10-01,1.424998938329467,0.7640913616902718,0.9254184441460334,-0.5713265940719285,-2.215670762209982,-0.34334638748269153,0.9803008639485101,1.022056174105865,1.5851258927565037,0.9859020379730397,-0.2929429822780415,0.1491758284430042,-0.9772592710139103,0.29171474191986485,1.1324115230360392,-1.4031634911663442,1.0712454038461456,1.0009227836150223,1.2315389815473947,0.1019542093031942,-0.5801357174713602
2021-11-01,-1.5071559347739099,-0.6917609227944438,-1.5618885396741489,-0.0333730442919071,0.39676622326261446,1.2028132610024262,1.1774023274889913,1.303040968942016,-0.33237212274066474,0.9859020379730397,-0.2929429822780415,0.49865234898224603,0.1650381844510282,0.8437176642144322,0.21561658684494125,2.0701684431510214,-0.04107591809793535,0.3015424453781986,0.5524532828549329,1.235928489493355,0.3785583823156724
2021-12-01,0.39237048301914773,2.344730984845107,-0.1140531311818047,0.8931025136625771,0.634260494669212,0.16062337135897625,1.0695543568725014,1.176910016593343,0.5463361329998706,0.9859020379730397,-0.2929429822780415,-0.0360741493145019,0.0008329252279429343,1.3813585195262212,1.4380098350997383,0.712243458191838,-1.4478352370272152,1.289672794606366,0.9795766290563421,1.146452258045178,0.02336179749554281
2022-01-01,0.5326039769501792,-0.8789419307996218,-1.0050287671770937,-0.6310992107141572,-1.3674769357578407,0.08722971715873315,0.7534482361000311,1.3292662164600557,0.8038585525040283,0.9859020379730397,-0.2929429822780415,0.3097461216637364,2.4496330953809053,0.9074103090945752,0.8268132109723398,-0.44245465827005226,1.3329680678329885,1.2561352579189864,-0.04713627253821248,0.11291048254174689,-1.9613622475420538
2022-02-01,1.1190349515708546,-1.0869208285831529,-0.8936568126776824,1.1023066719103591,-1.163910417409325,1.1636699787622966,0.8017938781005263,0.7160949530620556,0.9883002853921412,0.9859020379730397,-0.2929429822780415,0.6249453025685713,0.3578008800607363,1.6923284915880938,0.8268132109723398,0.8600448170989601,-1.1206819070436616,2.0307705565274916,1.6977367032688055,1.5773990054282352,2.242077905518911
2022-03-01,-0.9079764607049586,1.3672301652625114,-1.0050287671770937,0.2654900389192153,-0.5871386154218694,0.9581677470016164,0.9133607442555164,0.495053581124284,0.5219759041278557,0.9859020379730397,-0.2929429822780415,0.39932423590831967,2.0498289859681775,0.3223121889701299,1.4380098350997383,-2.059032021316699,-0.9571052420518841,0.7195346709209085,1.5158387482618971,1.4714883641222303,1.4399396464345906
2022-04-01,-0.9972159568428873,0.9928681492521565,-1.190648691342779,0.14594480563476847,-0.570174738892827,-1.224070237885606,0.8241072513315251,1.6027580834339092,0.07131166999558268,0.9859020379730397,-0.2929429822780415,0.29222659251726213,0.12577170941942112,1.0137208266518707,0.5212148989086406,0.3843091931166608,-0.3027985820847783,1.286400839807598,1.157432407285319,0.8223291747380065,0.21611065513490163
2022-05-01,0.8385679637087916,0.8264850310253317,-0.5224169643463117,1.132192980231476,-0.3326804674862295,1.7361404815241914,1.4600383884149672,0.9159063627233178,-0.2732115669086281,0.9859020379730397,-0.2929429822780415,3.791562109860936,-0.7952056140491864,0.4503219164253169,0.5212148989086406,0.6937682883284482,0.8749534058560133,0.926485811943033,0.5928750506342457,0.8004166282609024,0.5578400708623251
2022-06-01,0.5453524763984545,0.8264850310253317,-1.190648691342779,0.8931025136625771,0.7530076303725122,1.5991389936837372,2.1740663318069,0.9296433971375296,0.5985366234399043,0.9859020379730397,-0.2929429822780415,1.543425661038968,-1.0557922210771251,1.2246246581054792,1.1324115230360392,1.2526421766960034,0.18793141289055146,1.7240247941429199,1.1776432911749763,1.116322506639159,-0.4345219516564725
2022-07-01,0.44336448081225,0.18175044789638575,-0.3739210250137634,0.17583111395588016,-1.163910417409325,-0.4069542211229024,0.6456002654835412,1.5065988425344268,-0.3271520736966614,0.9859020379730397,-0.2929429822780415,0.6830644362153545,0.45775190741391886,1.4870445993886157,0.5212148989086406,-0.5302117151211565,-0.23736791608806754,0.41933281813387396,0.14823560506180145,0.22429926046702828,1.9887267869623737
2022-08-01,0.49435847860535226,-0.7541545921295032,-0.6337889188457237,1.5506012967270453,-1.740682219396784,0.5569491040402883,0.20677059194058145,1.2106281919736805,-1.8705465743736034,0.9859020379730397,-0.2929429822780415,0.5936386657024805,-0.066990986190287,0.8921115855694427,1.4380098350997383,0.4905414198311549,-0.20465258308971143,1.3911033933681984,1.4228686823694772,0.8068077876500573,2.167166777440733
2022-09-01,-0.5765154750497945,0.2649420070097982,-0.782284858178272,-0.45178136078748166,-2.249598515268067,0.6450214890805797,0.9393930130250141,1.1794076592141083,1.084001184532199,0.9859020379730397,-0.2929429822780415,0.7030214650691649,-1.1200464529470278,-0.11292088437750947,1.1324115230360392,-0.43321707333835735,-0.6299519120683319,0.789881699094437,2.075006535875728,-0.5755086859472884,0.7118708173601538
2022-10-01,0.36687348412259607,-0.5045799147892663,-1.3020206458421901,1.0724203635892473,-1.706754466338696,0.4297334367598673,2.4455457061173766,1.8425317750274248,1.4876849772684464,0.9859020379730397,-0.2929429822780415,0.14864262538202416,-0.6952545866960038,1.2172875151903644,1.1324115230360392,0.6660555335333618,-0.13922191709300072,0.8888583317571915,1.6182405599694891,1.3728819049752585,1.4508817213224143
2022-11-01,0.481609979157077,1.2216449368140403,-1.0792767368433678,1.0724203635892473,-1.1130187878221978,-0.32377474636262715,0.5749412502520472,0.8297376923068985,-1.3920420786733116,0.9859020379730397,-0.2929429822780415,0.3731972859203166,2.1926161679012943,1.3460777897641816,0.8268132109723398,-0.3916479411457294,-3.181747885940047,1.0041947384137915,0.1751834502480106,-0.17195262166061273,0.7463804381602135
2022-12-01,-0.4872759789118653,0.05696310922626711,-0.07692914634866681,0.2654900389192153,0.4646217293787843,-0.39227549028285413,1.9546514950354215,1.4666365606021752,-0.2732115669086281,0.9859020379730397,-0.2929429822780415,0.03362310794212529,-0.4310983001197373,1.348263321696343,0.8268132109723398,0.06561251297318012,-0.9898205750502401,1.123621088568851,1.0685045181708306,1.7992635385089168,-0.5170083623492991
2023-01-01,2.2154059041225516,-0.6501651432377377,-0.2996730553474892,0.8333298970203484,-1.452296318403053,0.2976248591994294,1.9918404504204186,1.189398229697173,1.0822611681841972,0.9859020379730397,-0.2929429822780415,0.507335941689629,-0.5667461229561984,1.7552405893496066,0.5212148989086406,-0.47016741306513704,-0.46637524707655437,0.8962202300544216,-0.2586768572499504,0.640637643532015,0.2708210295740216
2023-02-01,0.851316463157068,-0.1302178987789104,-1.3762686155084636,-0.5713265940719285,-0.8076690102994275,1.515959518923462,0.7646049227155305,1.3105338968043134,2.2880924973489334,0.9859020379730397,-0.2929429822780415,0.6250214744344263,-0.5167706092796072,0.6922915232003676,1.1324115230360392,1.0586528931304051,-1.8404192330074782,1.1260750546679277,1.2611816112522243,0.7292008522103125,0.7379634574772725
2023-03-01,-0.8187369645670299,0.6393040230201537,-0.5966649340125858,1.4011697551214868,-1.01123552864794,0.9190244647614868,1.4042549553374704,1.8100624209574707,0.502835724299844,0.9859020379730397,-0.2929429822780415,0.23814456776075327,-0.9237140777889918,1.5298185814894958,0.8268132109723398,1.2572609691618502,-0.368229248081489,2.032406533926877,1.1736011143970448,0.4753805221838513,0.25398706820813843
2023-04-01,1.055292454329476,-0.3797925761191477,-0.1140531311818047,0.4149215805247792,-0.010366813434413666,0.018728973238507016,2.014153823651415,1.4391624917737516,-0.12357016098053696,0.9859020379730397,-0.2929429822780415,2.58675170764446,-0.6809758685026924,1.7872430212134027,1.4380098350997383,0.25960179653877685,-0.9571052420518841,1.6577677094678522,-0.689842380229291,0.7054622601934488,0.46188649107679247
2023-05-01,-0.6530064717394474,-0.6293672534593845,-1.9331283880055197,0.11605849731365145,1.075321284424325,1.1098479656821179,0.9096418487170161,1.4454065983256656,0.40887484150778813,0.9859020379730397,-0.2929429822780415,1.896406087407505,-0.677406188954364,0.41316787357856727,0.8268132109723398,0.5182541746262413,0.9730994048510802,1.5956005682912464,-0.10642153194787146,1.8093067889775911,0.5780408245013843
2023-06-01,1.0807894532260276,0.4729209047933288,-0.2996730553474892,1.5207149884059337,-1.5710434541063534,-2.4766552695697532,1.0249276104105065,1.6327297948830997,1.8426483122606616,0.9859020379730397,-0.2929429822780415,1.055087829047451,-1.1164767733987,1.4133609513900192,0.8268132109723398,-0.8489083952646372,0.7768074068609481,0.7424383545122899,0.6144333267832142,-0.6750281678641387,0.5965581820038566
2023-07-01,1.3995019394329165,0.4729209047933288,-1.227772676175916,-0.0333730442919071,-1.6049712071644413,1.3936367619230572,0.8315450424085242,1.0795019543834772,0.16527255278763858,0.9859020379730397,-0.2929429822780415,0.6729335780567415,0.38992799599568767,1.0449427113970386,1.4380098350997383,0.22265145681199713,-1.218827906038727,0.4725020836138669,0.6117385422645919,1.7435691495462775,0.7177627038382134
2023-08-01,-0.6657549711877232,-0.29660101700573527,-0.2996730553474892,-0.6609855190352689,-0.34964434401527195,-1.4687157518864158,0.6046924145600452,0.895925221757192,0.09393188251959568,0.9859020379730397,-0.2929429822780415,1.658978381539846,-0.5953035593428213,1.2603737161386959,1.4380098350997383,0.45820987257022183,-0.9243899090535295,1.692941223554617,-0.11181110098511214,1.1564955085138506,-0.20894686935364198
2023-09-01,1.1445319504674052,-0.25500523744902903,-1.3020206458421901,-0.7805307523197158,-0.6719579980670848,-0.12805833516197918,0.827826146870024,0.8259912283757497,0.4019147761157828,0.9859020379730397,-0.2929429822780415,0.22450980377284502,0.6755023598619226,1.4787707999311448,2.049206459227137,2.9338826342645143,-0.8589592430568187,1.6544957546690842,1.1924646060273911,0.18230021305257715,0.0890142468224863
2023-10-01,0.5963464741915567,0.4729209047933288,-2.081624327338068,1.162079288552588,0.31194684061739913,-0.8522090566043762,0.5228767127130518,0.505044151607347,-0.013949131056470894,0.9859020379730397,-0.2929429822780415,1.3212323283421574,0.8611256963749749,1.1052009489552126,1.7436081471634377,-0.5071177527919184,-1.251543239037083,2.058582172317027,1.0927575788384194,0.27908062665978917,-0.37896987914905916
2023-11-01,1.0680409537777524,-1.2741018365883303,-1.9702523728386567,-0.5115539774297051,-0.7567773807123,-0.9843176341648133,1.240623551643486,2.0523337551717518,0.8821592881640765,0.9859020379730397,-0.2929429822780415,0.2449238638217803,-0.9201443982406633,1.0343272705836823,1.4380098350997383,1.8807979520512714,-0.6299519120683319,0.7138087500230625,0.7424355914177043,2.05034480022574,1.53505152815183
2023-12-01,2.228154403570828,-1.211708167253271,-0.7451608733451341,2.2081000797915187,-1.520151824519226,1.4719233264033162,0.8092316691775254,0.9171551840337013,2.1297510096808376,0.9859020379730397,-0.2929429822780415,1.3603846673912354,-0.027724511158679927,1.384324598577013,0.8268132109723398,1.4558690451932952,-1.5459812360222807,0.9722931791257959,0.30049093036388036,0.38773033627543235,-1.0514866357160828
2024-01-01,0.11190349515708535,-0.5045799147892663,-0.5966649340125858,-1.228825377136402,-0.6889218745961272,-0.06445050152176914,1.385660477644973,1.2967968623901016,0.9360997949521098,0.9859020379730397,-0.2929429822780415,0.4147109528108764,-0.48821317289298305,0.8765006431968587,1.7436081471634377,0.804619307508789,-1.938565232002545,0.06350773376777107,1.77049588527157,0.26721133065135794,1.7017077456740701
2024-02-01,-0.3597909844291097,0.036165219447914,-1.4505165851747377,2.178213771470407,-0.2308972083119717,0.7722371563610007,0.40387205548106253,1.3167780033562275,0.393214694375778,0.9859020379730397,-0.2929429822780415,1.778492039065145,1.0967245465646187,0.8946093363490556,1.7436081471634377,2.1764006698655156,-0.23736791608806754,0.8929482752556535,2.271725805735053,1.7435691495462775,1.9070820743378416
2024-03-01,-0.47452747946359003,0.5769103536850944,-0.3367970401806271,0.8632162053414602,-0.4683914797185722,0.4101617956398021,1.4711950750304668,1.5627958015016574,0.3479742693277495,0.9859020379730397,-0.2929429822780415,2.390609153069798,-0.9130050391440077,1.738849099858394,1.4380098350997383,0.9016139492915881,-0.23736791608806754,1.8156395285084457,0.553800675114244,1.245971739962028,0.4947127157402642
2024-04-01,-0.41078498222221194,1.7831879608295735,-2.044500342504931,0.5942394304514494,-0.7737412572413426,0.9141315544814699,1.7687067181104386,1.7626072111629196,-0.7308358664329063,0.9859020379730397,-0.2929429822780415,0.32993166611511004,0.04009940025955,0.9000731661794603,1.7436081471634377,0.9247079116208262,-1.6441272350173475,0.8724985577633487,0.46217800148113336,0.4434247252380731,-1.432775860653331
2024-05-01,0.3031309868812191,1.1592512674789814,-0.8565328278445462,0.20571742227699188,-0.3326804674862295,0.49334127040007736,0.2104894874790804,1.773846602956366,1.4563646830044261,0.9859020379730397,-0.2929429822780415,0.6931191225081142,-0.17051169309179803,1.7675732338239472,1.4380098350997383,0.5274917595579363,0.024354747898775377,1.6103243648857042,1.3649308152191273,1.1939294420789053,0.4635698872133804
2024-06-01,0.6728374708812096,0.09855888878297332,-1.7475084638398342,1.0425340552681357,-0.29875271442814155,-0.8815665182844736,1.5455729858004583,1.2193699411463617,0.6994575716239656,0.9859020379730397,-0.2929429822780415,3.251198893490974,-0.7987752935975136,1.6895185219610276,1.1324115230360392,1.7145214232807595,-1.48055057002557,1.0802676874851647,0.6898872933045971,0.41238195106217596,0.7236545903162719
2024-07-01,0.5453524763984545,0.24414411723144508,-1.3391446306753272,0.6540120470936781,-0.1800055787248413,1.3055643768827658,2.0401860924209125,1.3617355705300116,0.6907574898839584,0.9859020379730397,-0.2929429822780415,0.7486484127158531,-1.016525746045518,0.6821444106581883,2.049206459227137,1.6036704041004173,-0.6299519120683319,1.4303668509534229,0.8771748173487481,1.7846551741908476,-0.06333310353875435
2024-08-01,1.055292454329476,-0.7749524819078563,-0.8194088430114083,1.700032838332609,-0.8585606398865548,-0.18188034824215704,0.6976648030225368,1.5240823408797874,3.6870656411417877,0.9859020379730397,-0.2929429822780415,1.7754451644309759,-0.04557290890031985,1.1904366943095215,1.1324115230360392,0.019424588314703846,-0.07379125109629144,0.48149995931048095,1.599377068339143,1.7718728554125378,0.36256611901808383
2024-09-01,0.21389149074328986,0.2649420070097982,-1.4876405700078748,0.8333298970203484,-1.5710434541063534,-1.23385605844564,2.319103257808387,1.3330126803912046,1.1988422635002685,0.9859020379730397,-0.2929429822780415,0.947837841924685,0.26498921180421076,2.084475363987402,1.4380098350997383,-0.6133499795064125,-0.9243899090535295,1.3019426251017494,-0.5308500936306584,1.4468367493354868,2.093939045499142
2024-10-01,1.70546592619153,-0.02622844988714532,-1.153524706509642,0.8632162053414602,-1.299621429641668,-0.10848669404191481,1.6385453742629499,2.054831397792519,0.27489358271170466,0.9859020379730397,-0.2929429822780415,0.642236316117484,-0.7666481776625623,1.0831895202098698,1.4380098350997383,0.42587832530928876,-0.46637524707655437,-0.6972217569459681,2.0898278507281427,1.3500563357282747,1.3751288951759417
2024-11-01,0.009915499570881402,0.6185061332418006,-0.15117711601494094,0.4149215805247792,-0.3835720970733569,1.8193199562844666,1.0286465059490053,1.6764385407465003,0.5167558550838522,0.9859020379730397,-0.2929429822780415,0.5529628893363173,-0.06342130664195977,1.3426433824422146,1.1324115230360392,-0.11913918566072332,-1.4151199040288591,1.1514327043583859,1.0941049710977286,2.257600968988355,0.04608764533948442
2024-12-01,3.1205493649501155,-0.5669735841243256,-1.3391446306753272,0.6838983554147898,-2.079959749977639,1.2370636329625389,1.4079738508759718,1.8163065275093848,1.8269881651286515,0.9859020379730397,-0.2929429822780415,0.48242774155529344,-0.6345700343744284,1.793955726433615,1.1324115230360392,0.5690608917505642,-1.1206819070436616,0.22056156410867084,0.7141403539721859,1.1446262125054194,-0.5111164758712408
