Date,CP1,CP2,CP3,CP4,CP5,CP6,CP7,CP8,CP9,CP10,CP11,CP12,CP13,CP14,CP15,CP16,CP17,CP18,CP19,CP20,CP21
2010-01-01,-4.932286881290327,-0.6342195015403332,-0.19949707186134638,-0.20968141732949264,-1.4973495138193118,-0.3109508104341652,0.3541007229843883,1.084742292873317,-1.2604255379369478,0.7279696368633364,0.126865015716156,0.2533548046002197,-0.0449002920493001,-0.2888402816030504,-0.35272000047123203,0.1789066540574703,0.5914804691050437,0.08357024434154256,0.2650535589975964,0.31385204729019184,-0.3962250578093808
2010-02-01,-4.132508456288346,-0.27492034441468555,-1.813734482463594,-0.08321117740282331,-1.396664332069129,0.18972874296541253,-0.32092392937105263,-1.7094474076628507,-0.16362737119341705,1.3501897112782952,0.09385183536313181,-0.5544176528278064,-2.0775766407711207,0.9614511710606869,0.05078533019934502,-0.6658652833896653,0.2378025441322779,0.20021411836788436,0.2761292371188833,-0.3557959619316347,-0.6344282702455198
2010-03-01,-3.6330539314050627,-0.636232001152092,-0.10567280518147268,1.3755035483230476,2.8697628610834753,-0.689771776651155,1.1594415193947367,-0.25947529001888103,0.11011277044185365,1.2838967111698731,-0.5302306341927449,0.4023468057047391,0.10499094592981106,1.9508563784195379,-1.355512881553551,-0.12476371076582848,-0.3172038502712341,-0.27535293763196517,0.27160465359295,0.0738769182767933,-0.6933293932871404
2010-04-01,-4.102547714071188,-0.04601527910502129,-1.196965463558023,1.3687513819167476,-1.2734382897642704,0.8511187515835851,0.7577707920108843,1.0500143423055275,-2.25707415123207,0.39437137704763353,-1.2503180585256863,1.3357084615924613,0.41725213642289427,-0.8662390564158231,0.940243117663512,0.8853968832623867,-0.6985749154392621,0.5154197238395298,0.06509669349944906,-0.8844518049365747,-0.7098138766960014
2010-05-01,-5.8861391050271115,-1.3583124956016173,1.6227846700171944,0.32188708117904263,0.6416906041567222,0.8593806995241644,0.040930646598672446,0.04483652978859857,1.6250926992773207,0.3172270907058005,2.0460040280779253,0.22053427396342468,0.21702637152924328,-0.5894553907523362,-0.1384426391652524,-0.05137642888484441,-0.26534244516987654,0.3625724386114844,-0.28259513828071436,0.43962932030773677,-0.3811126359329677
2010-06-01,-4.286520688193183,1.3039613328083761,0.8592351167644088,0.9200053804595942,0.7621392592696461,1.3920931639681653,-1.4867709148260617,0.9978609955244396,0.9191262339923075,0.5683600797072224,-0.5217319766537701,0.7526251152920082,-0.43890376789832075,-0.5654716724374677,-0.5624970853243675,-0.19159924927551222,0.17220249457703762,0.5743003678063556,0.09306968039933568,-0.5281335258420147,-0.24805721527658794
2010-07-01,-4.255805459134962,2.132137382590346,-1.2387960341195976,0.7499290198115005,-0.7051100096070498,0.7056389289927216,-1.3885594578535772,1.6739099571245217,-1.1505518744837078,1.149483211464502,0.8483483693829776,-0.7168610419230349,0.7318790978060634,0.610144725142053,0.1155624808827181,-0.0270009945450589,0.20073513375630594,0.6396844067283511,-0.23914895181603707,-0.0903917761138378,-0.21090102745506317
2010-08-01,-5.166127461426774,-1.7598990662869447,0.8033199063123393,0.5983016451476569,0.3246510516349305,0.22627285239533287,-0.26245594510163867,0.5534949817902497,0.049473606451383254,0.171484575123533,0.1497105944296591,0.21696562539549494,0.6599835876684602,-0.57135129696444,-0.6643156921736099,-0.02585693521692184,-0.06737594748964885,0.25992234629314503,0.09810859187225561,0.03834678877724579,-0.008198976193648518
2010-09-01,-3.7006506751934642,-0.18967671636352068,-0.3056799194289067,-1.1607596270074934,0.71994999045744,-0.33769657978876044,1.067512520353747,-0.22199771803503118,-0.4215353316187681,1.385642564321287,0.38407811605019054,-0.187922506981313,-0.4135161059654342,0.3180027791691259,-0.6057259111331091,0.02471517224531286,0.7773980447959646,0.1880714897393444,-0.3141612913448814,-0.5672914119205065,-0.3260677545509833
2010-10-01,-3.9890684203364737,-0.3543049324043706,0.042332805097980306,0.5106319267276339,2.725947191654865,1.8042091961215654,1.1626243337207638,-1.1799549472027326,0.021904945323166863,0.14057540695990067,-0.5420703390568754,-1.007315430909797,0.633592665510574,-0.23780079719248018,-0.5837929731828589,0.020333299889434768,0.028849623514278527,0.04566872925778278,-0.13539138459758054,0.45337036772771894,-0.2860253307021112
2010-11-01,-3.9394045289111315,-0.462838948315038,-0.7012075403436244,-0.12169390177441816,0.45626437789875224,0.5272410063032698,-1.3846998923011586,-0.017622870883283355,1.4986084394499035,-0.4691314273019232,-0.5298526067500557,-0.14505904107333312,-0.0310719378957447,0.15805674212886497,0.31593512088757836,-0.09949718012148036,0.7786054946952101,0.5031583287252099,-0.19492268507566599,0.4507211213596023,-0.15242130739090184
2010-12-01,-5.080271956302014,0.5912873145228019,0.17730342753039244,-1.5179182333694914,-1.6591960713958411,0.11506118931120327,-0.6627129055843783,-0.06697061791230112,-1.3505246885312303,0.03803475990402756,0.5590379598943503,-1.724931767819414,-0.44290612359039305,0.9687705827926364,-1.1938030463906233,-0.4199421406801802,-0.14073148124362964,0.25567149605895717,-0.05793443635983778,0.4862035819316773,0.06792551057958258
2011-01-01,-4.886601983597458,-1.085945345867538,-1.0050340632195407,0.3216449859343294,-0.9365513008327444,-0.2926756015592744,-0.45439244290127795,-0.07469885063131138,-1.0768605932769033,-0.2631028211130569,-1.3120121586407674,0.8567540151353321,-0.1304214120192686,1.0410047319394942,0.445684452410325,0.835764360945361,-0.21619562645626686,0.872142533689067,0.5884817303826245,0.07687989089683474,0.15706715271361787
2011-02-01,-3.858794224533615,-2.215210369609929,0.8627056206478165,-1.5388300189259385,2.383280699711968,-0.07328496077781527,-0.5417324949395357,-1.5743891263549477,0.38072278378682267,-0.27292928053456245,-1.022093234955548,0.01149848173705627,-1.3190241419709239,1.0374179674421293,-0.5489373582879631,0.33124017714454196,-0.11190868652230895,0.5281217374165916,-0.3331508031120549,-0.15922761865293644,-0.19673544536196155
2011-03-01,-4.028120402667015,1.7803223496574885,0.06735036660168776,-1.1648053788119368,0.4070450595872741,-0.23579241182480115,-0.05302431639560178,-0.8224255007688174,-0.4077902683640744,0.7990032031437763,-1.203665592212352,1.2454442974219389,-0.024655650060541778,0.5771005379419281,1.269559222262726,-0.1257141937503102,0.09434052088156349,-0.16659445131020095,-1.364915593054903,0.16473821948876785,-0.4588302477349774
2011-04-01,-4.338211530975076,0.5819756083336486,-1.093941937353319,0.6202332036848329,-1.032414999521801,0.9472202550548622,0.9953671144965868,0.3300524622216495,1.0353190505528853,-0.7702374493663215,-0.7310207571191594,0.1513365027998997,-0.3114399506357237,-0.645908078771557,0.27875061333810125,0.023061286864008712,-0.055887534755858136,0.030210253064761824,-0.6040309151179695,-0.12309436813996383,-0.2979829453918355
2011-05-01,-3.94352418320632,0.4609566850874915,-1.2572340160077968,-1.409055599650685,-0.5336866592160352,0.952517156865542,-0.35406040117451737,-0.9796295737108368,-0.4445051352133896,0.5870702457455954,-0.322906685128522,0.22712482652603863,-0.618705515818451,0.4231190649737585,-0.2330830606127933,-0.3335710665950723,-0.43748343402290796,-0.19356283457116497,0.12748725023859941,0.6407662442025571,-0.5469362355966796
2011-06-01,-4.929902924361126,0.34541928865647725,-0.061564649307968906,0.2858795431719656,0.17897709428383804,1.5637486122783395,-2.097248604793999,0.2581273913961086,0.10834293432424397,0.14998856382940914,-0.7604397446638571,-0.08713522067185264,0.3554420452856646,-0.007495107903988376,-0.27241856780591855,0.46908618719563205,-0.07338069050252198,-1.1129142776093939,0.3245306186554922,0.24045914077747563,-0.29923182247774804
2011-07-01,-5.2639678330824555,-2.341852395543282,1.5271516929883435,-1.153242030062716,0.4138837847617346,-0.9787735940637375,-0.5902262013465716,0.9368143995008993,1.3013804796096289,-0.29105862059142007,0.9342316895239456,0.6032052886175653,1.0102667743715374,0.019765699546786364,1.4321000487838784,0.013418155228443456,-0.13881487055578812,0.13619240756038142,-0.17879544031539973,0.4089678575167178,-0.2365060310921682
2011-08-01,-4.251841166683611,1.3809517270833143,-1.3950745549405938,-1.918969331806273,-0.4190716892344625,-0.1729036793534144,1.111526129009484,-1.2506977628612825,-0.3493070132186032,0.5108360844983684,0.20039626311018618,-0.3323461520732962,0.6078271931157369,-0.6475223056820869,-0.6243549673130525,-0.39651260552358686,0.03940749091066001,-0.21989038978930348,0.13632821487356345,-0.28298058993555036,-0.28461063472498876
2011-09-01,-2.680031451856133,-1.1590199042025124,-0.16514712706163365,1.3208637688597944,-0.14188928628955455,0.634149927776167,1.262856541356266,-0.003443291680013611,-0.3064332041799101,-0.7362741634355748,0.16838752259591025,-1.8573082945273676,0.12331672539873635,0.3241922029057535,0.045705795127929376,0.45869968790656024,0.16248925365314734,0.8327846319036647,0.9630294994245769,-0.24211484996802177,-0.62131208927149
2011-10-01,-3.8496838827752073,-0.00719781710556584,0.16135744578182765,1.4510075425157507,1.641300594356832,-1.3754901990413744,-1.3068700135617375,1.8110253792726156,-0.24054481295832542,-1.660319960304132,-0.5716345126654864,0.6265756309101814,-0.8147454225176312,0.12952174116910117,-0.4501604940873843,0.5816117397525877,0.638762335063685,-1.419801622905607,0.23479208218562886,-0.4906573201149792,-0.6084896768567247
2011-11-01,-3.3114590574616423,0.5084481265561759,0.08018431109373828,0.4913503387972604,-0.3845831448666343,-0.5405680061119847,0.675315114607287,0.29510746306923186,0.5380966560188951,-1.0031725492199408,-1.6315908779366168,-2.091488450670506,0.7406803059220145,-0.1314184494264745,-0.7770378699015351,-0.6539200228908645,-1.3644628062827056,0.2632068116502173,-0.26085927098423545,-0.1327931725267622,-0.2610261519636913
2011-12-01,-3.901853492102215,2.5198919417214314,0.6485877949539077,-0.3596806745058275,0.033185907625430534,-0.2781932093939489,-0.09580743707972754,1.0619178371670404,0.45695384712023196,0.4235427355291898,0.01988415879959657,0.4131829099871047,-0.7702644284220189,-0.5623504339318635,-0.6242175800447175,-0.16539063434982557,-0.08286656225786466,-0.11746155516515147,-0.7082233939104032,0.1388616045181366,-0.2792985195714952
2012-01-01,-3.1749637071271293,-0.27777862231634864,-2.1893522620947463,-0.7080644535651951,-0.1621732582198108,0.03884723654831251,2.0141142957414253,-0.2999242915839965,-0.20679148301710332,0.3987416036912037,-1.7172757259900475,0.08278633005295567,-0.044822111174456385,-0.6683604425134967,-0.22645255467867498,-0.8632320282672934,-0.25995588528911107,0.4530377955909453,-0.34102494326501,-0.4359110975644639,0.010543585522559955
2012-02-01,-4.743881209017706,-0.7030747425624106,-0.6774156694838932,0.8519102645582387,0.19518947465681497,-1.5431111556137123,-0.6107450020143549,-0.39120692546608155,-0.25084740854138426,0.2199183397362777,0.8571364778593824,0.016263118313751018,-0.33939441002951704,-0.5281172456157986,-0.588130680434451,-0.3413056965860766,-0.08990045249437745,-0.5606442036234366,0.16268001575825086,-0.23131077657333432,-0.07060485603438212
2012-03-01,-3.8942067305720336,0.5372298790266232,0.7258222276541599,-0.23402427170954757,-1.421750354730334,-0.34198039809597763,-1.4910840827679077,-1.6507045609291247,0.1542038207660321,0.30052447200675997,0.058928583985535604,0.8768382905739954,-0.262941115522037,-0.8434962799662841,-0.7388460451231822,-0.7660249311712072,0.27170522252933965,0.1418821267486953,0.23861638006756353,-0.5385390370977826,-0.206931052707482
2012-04-01,-4.330448249334817,-0.9089535728121658,1.1304672908495859,0.5170329687851509,0.02720338275796436,0.992341829622288,-0.38536790705564183,0.3731893455509664,0.15759729461905156,0.42251196550493797,0.8108379651502743,-0.5671300872012763,-0.8421572029367338,0.4718224402238625,0.6514234014724763,0.18270753545593021,-0.24637031824424555,-0.41419795039171875,-0.6417403565682328,0.23915962034848676,-0.24647742655961105
2012-05-01,-3.959302963969247,0.23566064130992595,1.566890552557979,0.7487105579745477,0.8815633825955784,1.6964214243707418,1.3241077119285019,-0.0464747230473856,0.39790781436469375,0.08867662498079529,0.6405265820723995,1.0472820880133114,-0.9638038374952981,-0.13497651211014766,-0.002437301379180112,0.3473191963289824,0.45369706190372044,0.41355413439961797,-0.6293066051990373,-0.12437983067621207,-0.033286725253346555
2012-06-01,-3.09724787297272,0.7531162396746675,4.83413892615809,1.8391659125524313,0.5538364541057239,-1.483249952177358,1.4980739631027116,1.0842629318235975,0.7992290834826105,-0.3647419152829752,-0.25230319978654697,-0.7615094338970612,0.4517861383249372,-0.6490184730953695,0.13756766908462845,0.741140808300802,0.3415861480453849,1.1513213641585445,-0.24617516539424303,-0.519375148174743,-0.1055376218958395
2012-07-01,-2.662415897122017,-0.6617234421400348,0.5112795227746971,-0.33075326098170665,-0.691376004392267,-1.0377991173563221,0.20800240630455807,0.46349261375828066,1.2248674545784524,0.22280234985402345,0.15833577747568703,-1.2391783090312225,-0.7453637862396999,-0.6701659753787552,-0.4803218053973674,-0.45099189962675057,0.45328321042897585,0.058815083350435615,0.22073279657541708,0.0039254152371539595,-0.09835306068857508
2012-08-01,-1.151612221740067,-1.4851944839130466,0.45982135256977424,1.1498433627959608,-1.0262201737587278,0.743902611049695,1.1369373616041791,1.8728130007101156,-1.4160723915902365,-0.3156174799680617,-0.3887396638286123,-0.3707951712280305,-0.24039359857969153,-0.38828751910760617,0.18774173842362007,-1.3011921242935143,1.393023035389538,0.3354346024833662,-0.9052826483160297,0.6506650217737829,-0.24015202936766689
2012-09-01,-2.767582907305862,1.206610900038791,0.12288455984846217,1.1351940057690084,0.16121292719832545,-1.7854915087154914,-0.44733806589882497,0.24103618178075864,-0.492332264485261,-0.4825645383322735,0.21595990088281394,0.4955952086791622,0.1282636512625754,0.7342613663342094,-1.4826259325848459,0.6542322329940417,0.17145318292334957,0.8155704402218732,-0.28514374390901265,0.19646069932414634,0.25922995365776097
2012-10-01,-3.7707176142146217,0.6610179364097362,-0.23631121574535663,-0.35024543406699354,-1.321082789207129,-2.2010990558062495,0.8331871138589703,-0.1067322789460607,1.3241953962226145,1.1338604188842905,0.20215386789860548,0.2508074708386749,-0.4578561235192152,0.7107763320934756,1.2727036468133943,-0.2183805770052394,-0.3012583121370437,-0.020735207848068572,0.979289498263271,0.518581696811184,-0.014006061051826222
2012-11-01,-3.661761385207088,-1.494895100252113,-0.3788575925567417,1.1582771381772086,0.37145743474759824,-0.3244744088897041,0.43562142817208926,0.034299341550375444,-0.9099002644095041,-1.233724601095834,-0.11004145144099267,-0.23095770545483532,-0.023147057472840973,0.6006400517735923,0.4982723878581355,-0.41245072582513737,-0.3324535191680671,0.006290252315964536,-0.4691050255177751,0.217882690797324,0.25780335852700137
2012-12-01,-4.48439817254495,2.359697912376392,0.42522079751339986,-1.397031964850502,-0.8737393037263791,1.1283496659033176,-0.75916253913576,-0.8717197168090977,1.8267226369201115,0.9367359669419169,-0.2743665030916694,-0.7026683777482912,1.1955088291455793,0.4072994899406011,-0.4333449736714011,0.1643002030504753,-1.1606443625385237,-0.5207790988614506,-0.34144442915791573,0.12735404309728027,0.39435284557578393
2013-01-01,-2.4596539074761936,-0.7361597054607413,-1.2523338809194355,0.4400262830364416,-0.42320360337798674,-1.5105618372663956,0.8898117432415051,0.11213978686910878,0.6742335717184224,-0.10845910301120164,0.5860934321952614,0.06868665884206325,0.9092346392659807,-1.0004210714084762,-0.3292150234901765,0.015079911034817822,-0.8470745065258094,0.583737829332499,-0.1754916087584106,0.10397443086647143,-0.08830735107208229
2013-02-01,-3.7226372729798327,3.104059474676685,1.4570920693235356,-3.2109467888670538,2.4750151167981875,1.4374377589867644,-0.18753675893186866,1.6536197566164856,-1.2248805551440176,0.7207238530551622,1.603332133395257,-0.9212722021420542,0.49493992912346313,0.38065263145561506,0.2826008377555143,-0.32065848315035567,-0.03621294732245107,-0.36696618164358064,0.1291749145067304,-0.06011067636289071,0.041837659523865714
2013-03-01,-2.989270508146732,1.2611175294714052,-0.9848821680141089,0.16652947907301993,0.04609708993960922,0.835177834465826,0.7592617178976748,-1.925009295948036,0.42535410407435476,-1.2228376693916738,-0.11814368640095231,-0.08955633690758669,-0.529673828190151,0.40002092188850985,-0.1092913964431416,-0.3502880030975842,0.10383913399072309,0.3610008812859475,-0.166702008591253,0.2608376160107781,0.12374679764381488
2013-04-01,-1.9065464458144792,0.7174610333211618,0.4406750636149244,0.4275326336188087,1.1589997279091258,-0.5535594034377924,-0.6162206843698372,1.4479496983262856,-0.7133446111993407,1.262086461900615,-0.1441477650790038,2.036850048002008,0.35491047199709175,0.4915354112705553,0.19718341292133226,-0.42164373546983086,-0.5100181777575116,-0.3993989354810744,-0.15888155635071374,-0.21255102958920785,-0.20687618609327424
2013-05-01,-2.4006862626719507,0.3133194644156264,1.86508929165465,1.987882604078908,-0.4904044064234936,-1.9399908218678268,-0.36941956786842134,1.1726211281587948,0.030755126812335474,0.27768114532880744,-0.540155767345191,0.05344765835916023,0.49183367233198005,-0.6154376732255202,-1.232912218278297,0.6282946636099561,0.04495732928495746,0.759737587294427,-0.18794434006850275,0.23469035695948737,0.4582707821006369
2013-06-01,-1.9270017391870653,-0.9908960475488162,-1.4507493961839173,0.49912065290485946,0.7589280219762038,0.1598188194248427,1.0998059024001874,-1.126527731827573,-0.37939156270530777,0.29832347336449716,0.07424613550509992,1.3757424472381519,-0.07892424910947911,-0.7307776016175194,-0.30351117818369855,0.5998661199039684,-0.7294984411683846,0.2775325224771496,0.4317678459645228,0.13841985080828553,-0.03326959159215087
2013-07-01,-1.9686371827936389,0.7148633155287565,-0.8569972116261098,-1.5966688610944417,-2.2039792893322407,0.030924351400707543,0.41338190344506176,-1.0660521001470151,-0.9068675133879579,0.6752155764067885,-1.5084629197054586,0.16014623193814828,1.9946647157996003,1.0588577753299757,-0.44619485695228067,-0.23784848806559303,0.6295983914236046,-0.22155562775449483,0.4631051732937281,0.07520048314416962,0.19647855413253176
2013-08-01,-2.9451759923097955,0.45194263354665726,-2.23251674559555,-0.7158737485300916,1.1081715175436146,-0.41136271742840425,0.2964101301801626,0.4881096759167812,-1.3982494598983224,-0.23907504790882148,-0.40573048959285146,-0.39465630339165964,-0.06836450295778482,-0.30490321355411565,0.5169496980778435,0.4399262440192869,0.6858468684091269,-0.11766554863009654,0.8959832080440351,-0.08050371650180133,0.20938587831823696
2013-09-01,-2.1062991543758587,-1.1447420497619982,1.0472300188506485,-2.113161316975127,0.7813748858641794,0.18137566192227458,1.4772843414079506,0.2506709654148202,0.2913251562291798,-1.0533149142974827,0.9998479217261274,1.1135485035582469,1.2956133118889324,0.2344630156271933,-1.0127281886066672,-0.5232737993722371,-0.11347561257070832,0.27553537650997506,0.51431326973241,0.10190948434487417,-0.21711571731843893
2013-10-01,-2.384351863039104,-0.5569237915248522,0.4960075463100853,-0.31203935324784826,-1.6190903468029916,-1.7591554311448614,0.060704279387612095,0.18347086803369278,0.6515829920697932,-0.23397215468391744,0.2623211821394671,-0.7886338563066602,-0.9340998621659399,-0.10123417128519281,0.3333704307358914,-0.9257372290320621,1.0942363076851962,-0.5457483610902681,0.009303640405687614,-0.5098156315764317,-0.06123956782488013
2013-11-01,-2.852273437478373,1.939412894869503,-1.4073095670927505,0.709671469336464,-0.7043661154822269,-0.9353700744476465,0.28774833431218244,-0.3751732748309255,0.30281826077890334,-0.5258086795716846,0.03073829633229573,-0.004697319105989938,0.04284254235723615,0.1161848054473147,-0.7558058766676846,-0.6765300533217786,-0.16482180357220538,0.07443221847197962,-0.3164570303887618,0.13851423065130947,0.25899083345528556
2013-12-01,-3.9608338719541347,-0.2266991063034293,-2.1501379648611723,0.8378797259541418,-1.1599090448236447,0.5459877620043911,0.05323961742916849,0.17127906735461967,-0.19731656027662245,-0.7135441610900861,1.5341427557802119,0.6600687180448966,1.3014466087735914,-0.3268695950427506,-0.08291216841003253,-0.26348649107865774,-0.08176503800415169,-0.6478753564505203,-0.3762467449787883,0.3349627844536808,0.28521342537626737
2014-01-01,-1.7967919239247698,0.08358642678815832,-0.8410967759727278,0.925377884148909,1.2126833967166581,0.7811395973534941,-0.3359480882267286,1.2704564803307548,0.32210489049307,-0.275411191431136,-0.12980154018388437,0.07542644046607376,-0.5108805653000854,-0.5957852983654235,0.6260453908641147,-0.3862853046601444,0.30142694002148146,0.33676687765691005,0.6919420540719328,0.47788255457501816,-0.09964504884857961
2014-02-01,-3.0552955110783317,0.05087984096629148,1.1022752835616885,-1.8395941081850988,-0.8584908765248647,0.07910907435288252,-0.4966608440181069,-0.10311812724552692,0.6157118799901936,0.2097995259539971,0.4105123732725696,0.9606855845736416,0.03681128318880503,-0.43784047445675794,0.25234190147876656,1.1840942308994742,-0.6020597754695758,-0.28197912270261394,0.4670556993592882,0.08291648606930017,-0.17257036428030065
2014-03-01,-3.4210057149277184,-0.3294551742161554,-1.2023131776707028,-0.20842342970279804,-0.4992734153203389,0.24219385587978684,0.7562146823501155,0.2785601833059574,-0.760357705126245,-0.6750789385578388,1.6691025392775896,-0.2730069374172952,0.9585607517124829,0.05309377320749826,0.875887137840769,0.4929878001954439,-0.0567834823540928,0.14494611518332107,-0.37513283406464293,0.3201259579440673,0.2103457990640775
2014-04-01,-1.5980040899777395,-1.073935991065443,0.02039281479177139,-0.8157375816915582,-1.217935244890233,-0.012566845485352243,-1.1548706142348173,-1.0349485254944877,-0.2185334155389766,-0.7709226297416862,0.22823597582504557,-0.7977046662184153,0.12454501443411188,-0.413815925493037,-0.9512077215791096,0.6126533494648914,0.7025785320974698,0.6799571015506846,-0.4580463928857535,0.39793906598554607,0.05367161425318965
2014-05-01,-1.6948215170094534,-0.13694388001553323,-1.4140905916058966,0.28348288644088304,-1.1814865163563577,-1.0654332604256664,-1.0145309403139637,0.18996642040346662,0.8243832245800842,-1.5128131132238287,-0.531903300639483,0.7835736039644955,0.3159423886444101,-0.4130534078195303,-0.45187170262896104,-0.23058097478499637,-0.9565719288609187,0.010252834120697035,-0.32964982287242206,0.06702856424517155,-0.2604494027336314
2014-06-01,-2.3037604698189367,-0.30068749237560294,-0.926995146240499,0.13573864303847552,-0.634616022796488,0.7908023558463223,-0.38321466970333734,-0.6311904429906918,-2.1591830474799405,0.854753624095925,-1.415295194341385,1.4494077640670282,-0.20482716236973722,-0.9673952529938987,0.3716422761127472,0.0018450976175893407,-0.5488463687957259,-0.1663503282366694,-0.6925263246176936,0.17694722874594374,0.09995239597799432
2014-07-01,-1.5878870137836545,-1.3530615458576534,2.141362224990927,0.8225016686464673,-0.7249707018260002,-0.5149480275854312,-1.7206442439050158,1.6492582285441786,0.2902146332733325,0.45542459966332505,-1.2121344037182442,-0.03824414408446802,0.4953759275699526,-0.17949222513150426,-0.007754347626799904,0.19972238906355402,0.4138301625921825,-0.15176728539301904,0.7616783930356662,0.24013942337313054,-0.03525784999765352
2014-08-01,0.07500110671235205,-0.8277898647782022,0.5939779783889889,0.428775215324762,-0.3942108812658359,0.9411093491343537,-0.008333152392243024,-1.3568812094454252,0.4456141223407041,0.06569242586937207,-0.6141004956151395,-2.294084151163892,0.14296888111322778,0.32152237929645533,0.1438780584237393,0.07463921353131886,1.0749188337509807,0.9340052022651375,0.5566478388509535,-0.8126970585230395,-0.237410074935335
2014-09-01,-1.9512091373414684,-1.331206199839024,0.5295871209379589,-0.907591721229549,1.9649068036501267,-0.8191979950063458,-1.1141897077178653,-1.7019028380290975,-0.49197021448367817,0.2870516461491384,0.24081559678903397,0.4548205709853509,-0.09640381345617714,-0.8727897585408272,0.1064052697251798,-1.4978385947758566,0.3324328690953237,0.5253967813256989,-0.03447110875151571,-0.10521702093508414,0.21486067649243917
2014-10-01,-1.6889990491339166,-1.2285193290351606,1.3055381932684424,0.2614947335381534,1.0836375901146849,0.47542445599660016,-1.1680363143760266,-0.9047648149483429,1.5012447962471385,-0.5570808710089523,-0.23434859613715603,-0.29137525754662796,-0.1989820920718019,0.22454187646419738,0.20177035529797818,0.6992153279803655,0.6446746346190152,-0.3564757785762693,-0.6247144696240154,-0.25794282889876946,0.0514211436476287
2014-11-01,-0.7154461821243383,-1.1446928263265073,0.6058713820218747,-0.0897368820101321,0.564900228151923,0.19364379654651873,-0.22427135481421875,-0.3554812087659407,0.24862364538897935,1.0820312810017076,0.46931415179360053,0.48848180681279674,-0.1622202628510732,-0.443544946933442,0.5648309141241314,-0.7434705192911519,0.7203546040056232,0.2095801227877873,-0.2954391556611851,-0.448113464520669,0.03404005358179997
2014-12-01,-1.0401740201911764,-0.807861405503757,-0.005202102646881543,0.5866800612918475,-1.0386157706952395,-0.2594702721387482,0.975757663755695,-0.16290203736679296,-0.3851308360625489,0.36188603816386444,-0.3237332822861295,0.029851198186098243,0.578439320620146,0.4719828795532306,0.6209517130214662,1.5186694589388445,0.35037595942290933,0.5468915173278368,0.09348156674736215,-0.07722727171954323,0.14806294548895568
2015-01-01,-1.9241810788490983,-0.7698046491157149,-0.1488105916442892,-1.291266013587272,0.7101908940706461,0.713596630604098,-1.0526856157703433,0.41540963432032096,-0.3261098622614862,0.7041859277190906,-0.30175510927963445,0.12879545445522042,-0.817253578620365,0.7236323998037217,0.6638296734719473,-0.1865365837259107,-0.5095386735397468,-0.23130488249202028,0.635059244726316,0.08608637622892186,0.27881544314375717
2015-02-01,-1.5967570401281093,0.004186851871458032,0.3156410623138547,-1.0955433777234125,-0.9639454151440564,1.6760478252173543,0.4793223814616789,1.156032663158221,-1.3268824613462082,0.6781253881149605,2.3735173165685515,0.16261089504681764,-1.7583429189755155,-0.047526472941924316,-0.09954360147456053,-0.7335882939141046,-0.4877119714958438,1.0806861572743802,0.2660628600741652,0.26146179663883906,0.20796185086832694
2015-03-01,-0.9446318915851715,0.7242650699472606,-0.8129634142810109,-0.057261433059501016,-0.2406006510099332,-0.1435154506123527,1.866340627559508,-0.5126485253464306,0.5484336271464006,-1.3014192132627938,-1.0166283144328834,-0.002637904117075372,0.32996113544730576,0.36825241868453373,1.2755536179022975,0.7929914488653127,1.2731812691297122,0.3745094847648188,-0.05580729183273661,0.03611390225413763,-0.003895207022996198
2015-04-01,-2.2896775540491094,1.819556188626843,1.100885992129925,-1.4652349213307054,0.9812130600819525,0.24761380840360836,1.2297598428885161,0.6199398763726772,-0.9201095918835291,-0.5091979361038912,-0.49674969394321444,-1.056986622930917,1.09201148012471,0.6352893133684834,1.00341891458868,0.01873621505134815,-0.1668713759677309,-0.4884396514898465,-0.4502693037630346,0.3553935051935861,0.12001474906749808
2015-05-01,-1.9092675235644674,-0.8141076111085006,-2.1204700085830512,0.2823265486463183,-0.8798731648454161,0.36466412211694693,-0.9517924591301548,-0.4053477715183784,-1.0142585925282486,-0.3486036345790473,-0.3109714591308481,0.2508897002443785,0.3091872223787959,0.21453627185252744,0.06011929144147056,-0.8029160058102561,-0.5211054776419595,-0.6141431299507573,-0.2662926101576381,0.05843810332657303,0.27780673687224383
2015-06-01,-1.511672001928028,-2.242357527162171,0.268633606409964,0.2817501597599031,0.32961173324237286,0.1465072595265212,0.6341685176670212,1.9526743114655152,-1.2961863976244345,0.7638977075401251,-0.46209405046935187,1.3645898434506565,0.6472182872930522,0.19881496524481432,-0.10241067737560743,-0.9339122539222336,-0.3619804491980941,-0.5219030893708916,0.5361087888066345,-0.5092204337966991,0.3423148851293575
2015-07-01,-1.2136333042188394,-0.34913689876853843,-1.0636027053453407,0.4955684903337755,-0.4087498995532544,-0.024380812992178792,-0.8671248424514958,-1.5982310132339081,1.1299062831142523,-0.8857336598194862,-0.35771674691383964,-0.11046416875298835,0.8841135544213015,-0.23793012381740783,0.03392250481922504,0.32023883245445395,1.261771091366172,-0.26515505459826677,0.6189401056622935,-0.13136227967336495,0.12881189655833525
2015-08-01,-1.8634544782804938,-2.749640571879785,0.2063851675966312,-0.30548649042653186,-0.661178794733394,1.4174722344345394,0.47122215069327833,-1.0826891404070125,0.027845801958711655,-0.6989888027100256,1.009925919535487,-0.7104404170274299,0.9901782986583594,1.0241038549854404,-0.7051100078784464,-0.8527629473470593,0.4158714622179051,-0.8447353361868399,0.2566719945287267,0.2762008451145791,0.22350340705180669
2015-09-01,-1.0235889619954404,1.23256663228678,2.0728912940147466,1.1766107005311786,-0.447187899363273,0.07504400210401412,0.20251313188652995,-1.2657309383360997,-0.15633285995271096,-0.1983264876170154,0.47031618098614664,0.2908265744910781,1.029344887767455,1.0211840004325698,0.10566583695215878,-0.44635786789565723,0.4854644016573192,0.7166086236079485,0.650923790294569,-0.04518806567135616,0.0708345040904054
2015-10-01,0.2177536669485267,0.1592468994606176,-0.4641443481693741,-0.6736123721083367,-0.2947378944435442,-2.310596645161578,-0.7614737604178604,0.5342400105708875,-0.2015956980811185,-0.3578642304035217,0.4061587788459681,-0.9688398069563222,-0.9927364659581347,0.2686471996958169,-1.0569983967481615,0.5571112536594488,0.7815525310513831,-0.3189051260747114,-0.7187909312187696,-0.5718997481864093,-0.27355444355528424
2015-11-01,-0.3004901841799507,0.07772972580109054,-1.2719222846196725,1.0838090729526415,2.069613839539364,0.16028519273170666,0.6760897122308698,0.1659758403272329,1.2294822375226024,0.8787974150298811,-1.634903782979881,0.615735978614547,-0.10611655442001926,-0.008421787274557264,-0.5109533024194012,0.10521608046880802,0.4581197248260883,0.11451561174971409,-0.24143395114755603,0.8468353355432631,0.386579122597808
2015-12-01,-0.5369768125370306,-0.3632159812464298,-1.0689525024421629,1.5155129479501404,-1.3935215483279961,0.43633052000781775,-0.329641252648961,0.8628653360139791,1.6876351511151362,0.5914049148561448,-1.0034479754229222,-1.7070876599536322,-0.40888473285124666,0.017767749023948676,-0.37917467134056554,0.9615512385552141,0.16186902499524736,-0.7737740888494437,-0.48637566638648144,0.15785655328499215,0.14883365427786277
2016-01-01,-0.3604379574464976,-0.5634848233960693,1.4664500601311032,0.134034936747426,-1.4076029968138637,0.6528251080141151,0.795572116900073,1.7408298926654062,1.082600629132062,-0.9474396462841227,-0.062441602005052735,-0.3286986572331179,0.04774255923187998,0.04462965173771404,0.20318687773443592,-0.6419902449511835,0.9317684958411692,-0.3686443842382274,-0.612097919242178,-0.33424068623134423,-0.09461426773652402
2016-02-01,-0.3296362739441093,1.5065771576770672,-0.8457198317348423,3.042626753470474,-0.9936414605318856,0.782207575498927,0.24130730695329888,-0.400882593019616,-0.3213700709063515,0.7552796206831687,-0.6091767347877869,0.015747962581909154,-1.5948965667793125,0.5689109818543736,0.7751403866234466,0.5058248946346647,0.04774036081557827,-0.4156705050812506,-0.11070650507047149,0.3155472419661381,-0.18952161149254637
2016-03-01,-0.9450852580002858,-0.260405666107934,-0.9049583124832355,-1.7156556762908788,1.9012185684322778,-1.8215344230437915,0.8890920970093965,-0.44758729335811154,-0.005955556761816315,-1.716276027367119,-0.786624904725796,-0.43010219821990225,-0.5830374167269731,0.27467017024157253,1.79189532159084,-1.0685793955352927,-0.6121927101286756,0.28727611993764035,1.1052295007584911,-0.052961773917800825,-0.2750807650164469
2016-04-01,-1.3206049832971671,-0.9663014894375798,-0.1629296153104469,1.1767410057681973,0.9011217074626376,-0.5498657537066761,-2.0222771678330345,1.2854258128827116,1.6712656894280011,0.4561882754477014,0.26635027480227097,0.48282950525864143,0.8099241874924187,0.02739113104056751,0.3305910912261849,-0.18740167557485046,-0.9319538443166941,0.15206114777155574,-0.15791899061508155,0.19272805695854756,0.4328626014345798
2016-05-01,-1.0896803012139304,0.4715490588301057,0.6376549560448289,-0.33407342303222387,-1.5016715230006181,-0.8586833250066443,-0.34397671083389625,-0.43026051137765126,-1.6265049382154175,0.6034375936889681,0.175800251759825,-0.11307610642467508,-0.11647971715646535,1.154795335624533,0.14751132499354316,0.26955122836553097,0.21305706959300313,-0.616669340925102,0.5514115353507248,-0.11087874680001984,0.03695803111483089
2016-06-01,0.12197539916144949,2.07005087658822,-1.7727547817467686,-0.6145057552380074,0.22977005375604626,-0.9982916037287122,-2.065541526640622,0.21657082886482376,0.2739649953650732,0.5756939593490437,0.34180668509884554,-0.2657695187619953,0.860866508813143,0.12051469707055924,-0.01129902054996331,0.3912891932648047,-0.669558619762187,0.4885631557091965,-0.32457968460078424,-0.6738827551372276,-0.05172157393433058
2016-07-01,-0.5164882275752769,0.7015578978960549,-0.46553443444914755,1.0574280745988454,0.1309917524840472,-1.1972888749952908,0.5258646459732038,0.9394854027189755,1.1911478777077047,-0.3024219977535497,0.2261823230726627,-0.5428283571735738,0.2977474412607534,-0.4884245232761589,0.20724480340361637,0.9142516920066586,-0.31838686035455394,0.6048311581913651,1.1781433299079493,-0.11187544174117608,-0.028392889405834818
2016-08-01,-0.7974585560694305,1.5133561077974813,1.6881025097450448,-2.018199930560133,0.5715404054913905,-0.6372547091349635,-0.04750981803069362,-0.9912727095632127,-1.1291606519706416,-0.42414317463628703,-0.25445845314262067,-0.34207065676690884,0.019685459140233674,-0.6647932682206452,0.08879991517467464,0.8706935630414392,0.3671319051872631,-0.5794492422876315,-0.49190206900030786,-0.3378107973146079,-0.2577515675605039
2016-09-01,-1.7423625152515136,-1.803645555787863,-0.3038783222400722,-0.577073346549635,0.2404753430358565,0.8490615870252154,-1.1538043815729737,-1.3322376709568124,0.3708017012703738,-0.9306171991567195,0.21703995022992079,-0.019895271311060368,0.10032433378255197,-0.11897285947865266,0.3274749093624457,1.4548882684353714,0.7106618617384928,-0.7321428874442172,0.5084022127016594,0.3717568771676689,0.21091353409043628
2016-10-01,-0.2520765584320674,-0.7499906728693375,0.610855587034541,0.17899883004769981,0.17445981175788713,-0.780966578585315,-0.031145129241021554,-0.41004053949054936,-1.005613743561689,-0.837986697893081,0.1089595383109117,-0.335234044615032,0.7233917890936652,-0.5867984794102725,0.017055310441768712,-0.6180812579167672,-0.5355519739750384,0.6086806296829314,0.44691707760233196,-0.0001293093814719406,0.023839000716359915
2016-11-01,0.25542899156228993,-1.3976290684092654,-3.1051896062299136,0.8505015906618403,2.542606638677861,-1.1002891885116288,-0.018918803389642587,0.645450642739304,-0.13668663852930696,0.9108350457530003,0.42057737774749027,0.18094462419765783,0.3411904188400211,-0.7102548018431218,-0.48687197726884374,1.2933090480103309,0.2773527528988735,-0.4212856709767275,-0.1515908421053593,-0.07810523077764685,0.20661512653813163
2016-12-01,-0.010638424911308475,-0.680027365304531,-0.9216497205937819,-0.4969437887568582,1.3434670830494513,0.4597118807680792,-0.5005093553313679,1.4768631486773032,0.8470573004897465,-1.0622935212527815,0.4941436275128826,-0.32714122398140083,-0.7545633340905822,-0.15574941731712116,0.7176071005907233,-0.027276502601833025,0.7168106472952297,-0.5291680410974091,0.0657957059675271,0.14409791096350244,-0.0525109170071239
2017-01-01,0.3567954935168439,2.9624739313477564,-0.1690754253220219,-0.8978457923016865,2.301437374914315,0.6465616297469853,-0.3970319709791048,0.9086659311184346,-0.5968501740945475,-0.4473547124101273,-0.5141994511897005,-1.210974266227892,0.8715254554089183,-0.2566717627198158,-0.11350586107650688,-0.053038159252973185,0.4461714268024617,0.8021657375156107,0.27203217135098273,0.6040217434237188,0.33182748515124944
2017-02-01,0.02965195913657426,-0.18739972216055148,-1.181835182490205,-0.3517611583699985,-0.1244348236282776,0.017741753444737517,-2.7330034366339393,-0.8293081806769328,0.39449612543051016,0.11272298083585307,0.36023962937512094,0.37217740118899806,-0.7197287309683954,-0.8037535737610858,0.9541684593067676,-0.18089919409153907,-0.18958692704928037,1.4786307820493036,-0.46930130434222833,-0.5601186752739955,0.5152866822101971
2017-03-01,0.09664173861006928,-1.0369675129826106,2.552889925899466,0.4551362775103045,-0.8257044707047224,0.4451043128170026,0.26478514125684627,-0.805058035501604,-0.3987137646209694,0.6886491017105216,-0.6460374967028637,-0.5372015307199988,0.8603116819179382,0.17108063326773432,-0.1946629849154713,-0.17137595773688144,-0.8542543450941502,-0.3344443393119362,-0.32302555490961093,-1.1777262736363292,0.212774133581944
2017-04-01,0.7864312357503062,-0.7546917512009297,0.623281533737899,-0.017276774641784547,2.7294828233517126,0.8838242402125345,-0.96259038707552,-0.3976008807587131,0.5377079236728398,0.9339359027749435,-0.566324636125313,-0.6125960409531122,0.36127678920648687,-0.6082822457906398,-0.7162318397140149,-0.05614682136388353,-0.4642913103664903,0.17591056092686666,0.5223796736365095,0.5042874924285505,0.3635267930258062
2017-05-01,0.13420510767138383,0.017349416502659056,-0.7204681102764446,-0.21165602683906387,-0.03795500863302451,0.036553598783981275,1.1409878331241634,-0.29153939731454154,1.8514096380566234,-0.07234294204981057,-0.8020133693882363,-0.5033261070059162,0.8800827588613217,-0.19667817605397156,0.7110039145275794,-1.0133246733566297,0.03100490157084077,-0.15433448165195887,0.6700829494105893,-0.38034284863493767,0.43666870599480556
2017-06-01,0.43356688795522796,1.141708956098523,-1.2619298309836449,0.2839848928100475,-0.351655556528917,0.6534072527253137,-0.2415921240087668,1.05717024270141,-1.066095164345951,-0.8929097160139667,0.09844056219529183,-0.9105084939168054,-0.09930807012034891,-0.03936484958398872,-0.16028265627075397,0.02980026154111079,-0.00017084958575753768,0.7223223579483483,-0.03905499140057238,-0.08706114076780595,0.4935119270045038
2017-07-01,-0.03440332130313215,0.10259857265742417,2.1230109576152936,0.6284047519850334,-0.693874031422248,0.04587557930922421,0.3445362127560675,0.025275983623387725,0.8197710542935189,0.5529144841974766,0.5655039990444277,-0.1213468212502866,-0.3305209972741997,-0.3592998781549877,-0.40023092445640407,-0.4651397877853531,-0.5716052912091542,-0.03651672474516904,0.08599667856603578,-0.4784543298250668,0.3165395292235103
2017-08-01,0.10126324978951665,-0.020880897490553902,-2.393606703545994,1.2070972026899596,0.6325970851146367,-0.9074915382066617,-0.4184858830803344,1.2061497241537356,0.4270596207368507,0.22461411436634418,0.3503574999849953,-0.3222085245722781,-0.40022994144091895,0.10146846271968668,1.563574677596269,-1.183456147038274,0.4640072545104322,0.48655278125971774,0.11886054827578774,-0.4275739408282175,0.747702454806728
2017-09-01,0.5621478930075687,1.5451954242617503,-0.7664259621220287,-0.7575115643406591,-1.8106657768497687,-0.09924162820790126,-0.05118546017213266,-0.9311021485214686,0.1826660974619255,-0.19901543279434397,-0.8602784917469306,0.05521485215794784,0.17696514296179858,0.7154539364643313,0.1609207981521122,1.7999852973340824,-0.14496753311743063,-0.1761498511558264,0.6067473326052559,-0.24656727281964042,-0.020140401073314863
2017-10-01,0.18391559221549014,0.42804214677702956,0.5963913376120179,0.15472654763210317,0.5134729479776455,-0.804279833103965,0.055094323735659465,-0.19830862699514837,0.2192017604360456,-0.05742723656374503,0.9717425871996714,0.5605746006095457,0.09209639653611013,-0.2627548582579527,0.4959780873989764,-0.04163483421811899,0.4573244940398497,-0.2139446993377998,-0.08866200227270571,0.23734514243449087,0.0052856954410513855
2017-11-01,-0.0047658067010376845,0.7228426346219263,-1.1290706960540113,0.48987698874610386,-0.004006455407452178,-0.8554791757026008,0.40401669324367806,-1.4180465249114564,0.757012888697099,0.3101047906033888,0.040139866253365755,0.7655509976107268,0.1452402067836875,-1.0589451968588701,0.3205701735922239,-0.2270261440501277,0.41818839030075833,-0.7576942237653739,-0.5300937139755745,-0.38556621260510876,0.18056733572804984
2017-12-01,-1.4240286977286944,0.6815866658869246,0.30782772555925464,0.6067982309754932,-0.4301212709340668,-0.18737649972421297,-0.23157161734156653,-1.0114864881548415,-0.0474373225591112,-3.0416304763975104,1.248629027514252,0.19722210705509846,-1.009688408411225,-0.21180658881303427,-0.7819062261063416,0.06145504809620792,-0.5646354451395277,-0.05163193768415821,0.3413386388854824,-0.8377234771798314,0.3453273296568661
2018-01-01,1.650942883337265,-2.164178794701266,0.22770283743440634,-0.9401440719990735,-0.2892048942205997,0.7055496225484732,1.0726646017615682,1.397551616726636,0.6966062293971271,1.4173139523891383,-0.6077799952863663,0.5308947326169909,-1.0610917803692022,1.7954619563288077,-1.417072136986581,-0.16741174768922087,0.18128353769101838,-0.6510645793300754,-0.2911741907720349,-0.5498473276439948,0.27587072242535354
2018-02-01,0.6215273525710756,-0.22913417939663283,-1.0158909164360654,-0.11466495084450729,0.2448952903963058,1.7841353374991435,-0.8499868916990303,0.7585179904675127,0.9177346295472751,0.00682103804115631,-0.4791275513688573,-0.05730625341409265,-0.011607588090059642,-0.40202445312240814,-0.01652725064654082,0.6421268904439048,-0.24466719178885632,0.2577455723524051,0.2178145368096775,0.19280602079853704,0.40359339877321876
2018-03-01,-0.17668315773398371,1.3601418158955434,0.379707893164818,1.1580358876320498,0.7189659386591927,0.1462088045714798,0.49593043037278667,-0.09637626430309158,-0.055134253407263425,-0.09955502719134234,1.278007722120271,0.871256864946358,0.29162806355481263,-0.3226226752980111,-0.43370883894063544,0.4483683315929053,0.5427012165771299,-0.2607407870427104,0.38174264928325513,-0.13576103772393855,0.3271470324476158
2018-04-01,0.4192052649495055,2.485004771164957,-0.7254623229265287,0.9681677890174352,0.5008307965631466,1.4215869033093806,2.223225123422894,-0.2512718459061955,0.4416099820083266,0.128829144443102,-0.08402528972134476,0.8128092048403415,0.446297582114822,-1.1258094312212392,-0.1828137023499983,-0.7211429037508145,0.2620747491007853,-0.9543935059125706,0.20323303699188902,0.09275894543147792,0.07167036124777669
2018-05-01,0.01656214267031558,-0.7275547542974086,0.9751613236143963,-0.9702339430107488,0.32356091015459737,1.1565192862843203,-0.654652788531306,-0.516974738072528,0.11479176921839924,-1.3791638431674167,-0.36682101270299483,0.2574217676286047,-1.1336644371006621,0.48454522316417925,0.9546187883158748,-0.6444072052986666,-0.546992566342827,-0.15684087490314508,-0.6527691545700481,-0.12065143137597253,0.2375606988633493
2018-06-01,0.6868578703912597,-0.9318133522684827,0.5153821799784669,-1.630665324596714,-0.990240268943934,-0.3775297311570417,-0.5752286396154321,0.22933399375809363,-0.46360756353384275,-0.5240867848248467,-1.6923669429465544,-0.5867295028258133,1.1730206010952244,-0.18691501043988165,0.105799465363842,-0.6839123660713696,-0.38451246619770146,0.013727774457092628,-0.24694780499971902,0.3447479830239409,0.4361399802162053
2018-07-01,0.6539772398862631,-0.14384350954092776,1.7288698251145518,-0.789255553368653,-0.784942628193292,-0.4947551974255576,0.10507812409849566,0.049517865797153574,1.8174226909880602,1.2885200837618325,-1.4727984753837853,-0.607245138202426,0.9282378999243993,-0.12367319754933512,0.24720392098676902,0.7990610327967436,-1.1524363200902976,-0.45254357602646805,0.37862878093393604,-0.12701591273979215,0.21012032883855808
2018-08-01,0.4773440185218325,0.19553693079078127,-0.4377356548040963,-0.08140375551122853,1.5028094313427094,0.15214189486210336,-0.5958691791784868,-0.9892429518393541,0.750214589450436,-0.3061022074940867,1.939346006052929,1.1569045591522282,-0.8610693048177754,1.11977642398718,-0.26294351249341624,1.0997555767601874,0.38433897772388675,-0.3899224807620332,0.1796302895393224,-0.5226572608685185,0.17335685547971624
2018-09-01,0.8237804598801207,0.7639512871804861,1.0538039765162124,0.6228703886744866,-1.9059039712467016,-0.29866856434838523,0.5825547436556917,0.16951067228248254,-0.7217439757032554,-0.2087972514621251,-1.1233143960701089,0.42681183040774495,-1.361653028313437,-0.17818852884334385,-0.8062163495813447,-0.20059389074762327,0.23785563879629737,-0.23572790933286947,0.22227660258142934,0.605599748018398,0.31406627060147174
2018-10-01,0.4349028606988762,-1.434188984146264,-0.4752272820018492,-0.8365330591456243,0.8851257918205799,-0.025090293372475227,0.44464726662573634,-0.24135980131977072,0.23271385083273713,0.5444153210843582,1.3985259164428472,-8.223220275136177e-06,1.0897365558153524,-1.225903629170272,0.501631715269196,0.09566911968079689,-0.8781561717569741,-0.44550006691437444,0.33615049021541715,-0.3324359723919406,0.13663055520922204
2018-11-01,0.1549068412429683,-0.4059599181070214,-0.2182354887948043,1.4660720717758524,-1.257608112586003,1.8474117503609082,1.347478446595454,-1.1311699549823138,0.47130896569201086,1.1906722345074088,0.9264416313755544,-0.03926286217471347,0.47245888239551004,-0.558192161458234,0.9708382885764962,0.37167053258275357,-0.2809884496409828,-0.9454989286796279,-0.3123669670431263,-0.09048480266467253,0.24398479390818278
2018-12-01,0.5879154254806991,0.06974727680816409,1.470415965915465,1.2312164235228542,1.108349092921271,-0.17112065545000357,-0.6635261501753674,-0.9788064413259664,-0.7040237392162487,-0.2298999898248409,-1.6475776123137473,0.294169498282932,-0.3007995165595743,-0.2788836978800048,0.2815363069108419,-0.0046389522878915335,-0.3948994036402615,-0.37973787882809035,0.29801544907635413,-0.1091899451307723,0.4301605671227198
2019-01-01,0.7601806618966204,-0.8642020796804675,0.7819114002875837,-0.07110832945729278,-0.2517349669615259,0.3810040265271366,-0.07211601274287566,-0.3506103153053854,-0.8264575452917639,-1.078329946340706,0.5011754126823735,-0.5839746862730185,0.37958913184319304,-0.5791528246367544,-0.277851518103944,0.4011104688276832,0.013939427114712185,0.3483267227501513,-0.1838614592300152,0.039557952179827174,0.4642799770292787
2019-02-01,0.6555122695343171,-1.177318438372388,0.6509741518782831,0.08225094975204458,1.3583818525824143,-1.4961239679996303,0.06634301749453796,0.176817787272179,-0.0986802116918596,-0.2183948727547264,0.7775130263280665,-0.3385522659277295,0.30314735356977585,-1.273498053551519,0.28528616018900066,0.766976600629735,0.6609535125398234,-0.38598180572904117,-0.42434022799600896,-0.11038863689155597,0.4888119074009887
2019-03-01,1.49100875037741,0.04667219467036111,-0.0412916196466525,-1.8059699360433779,0.7555027535566486,-0.22549655375889727,0.5308996430873274,0.7474646657116912,-1.2073597765475512,-0.9806396043303907,-0.5431064581900167,0.18546102991750157,-1.8808310295734103,0.022666723732975923,-0.2846673026200531,0.6339363187556626,-0.9170613447660143,-0.10292726090486583,0.5824118555985098,-0.5566446250953758,0.2001688432899019
2019-04-01,2.1833232097210353,-1.2806673959854973,-1.690018132199556,-0.7381897722829697,-0.7330242889800634,0.27275955144088787,0.7499148170313366,1.8043123911917671,0.9092826188877368,-0.20633394687590104,0.7996954625115424,-1.399584723867202,-1.703890012691547,-0.7585459373006047,-0.1474426625335165,1.5729569897355462,0.11521971094883232,-0.03704549480244418,-0.44091409102230944,-0.020298219984403273,0.17740761284163054
2019-05-01,1.4350737796032615,-1.1665695995343475,0.012035008148451534,0.13403687306244425,-0.017486322583112227,0.507154014630141,2.542681405926385,-0.18810456201298434,-0.43077015885305414,-0.5838026942853362,0.1553084720441739,-0.5771818453229888,-0.7179098996923372,-1.1741462537266636,-0.9358868076189811,-0.7602549302507842,-0.8056531901156622,-1.0754991779388026,-0.07200165418378045,-1.085969228873373,0.16414047958304306
2019-06-01,1.7064206881379826,-0.09297600073122739,0.3263034448565315,2.6516988000564847,-0.6700353734133293,0.08520561861410443,0.7403166758536885,-0.3193284200182148,-0.589426515482439,0.7127943898061037,1.369047658856699,-0.16653367745795603,0.27620205986037805,1.490967859463136,0.8786000979414625,0.16264629093513025,0.2090867073840929,0.13121855619660916,0.49486334818143907,-0.46640103227549856,0.29996877455047166
2019-07-01,0.5259995294288035,-2.3614292447892367,0.4444876171238471,-0.9800242357461263,0.020383234273061115,0.19244503801957064,-0.12725273661665976,1.7820486590118658,-1.1863587320670814,-1.3613967852857105,-0.8722237092725657,-0.08379562384088607,-1.2380041001600646,0.18986270268789135,1.2332180174284337,0.8021576679145798,-0.7801590717907013,-1.0678909927741906,0.22050950248382561,0.33317223535422036,0.2864318310460741
2019-08-01,2.1301740882920046,-0.2593318683769103,-1.3071309872229768,-0.4605722592236576,-0.34817328259407937,-0.37560540612859905,1.3168094574765707,-0.7988905590092249,-0.0005647624965270058,1.148994407479114,-0.02111387280378818,-0.035149054454770276,-0.29443124942382837,1.2701307282159346,-0.3081644127030201,0.564742837340378,0.05698112680980778,0.5994453209222262,-0.47285125258855104,-0.09851734221534242,0.6059434730575748
2019-09-01,1.494556242164916,1.068512983502426,0.0925598346494776,-0.7645440735468934,-1.568839185790675,-0.5808196666801033,-0.6009774948830989,0.06849539357784863,-0.13120398345299772,1.508009499768945,-0.40454151382997733,0.2642204342816602,-0.011180744737965896,-0.13991380289235142,0.4649728351485071,0.030727336047597222,0.4227538190826731,-0.1680821829348616,-0.3663922401379639,-0.31300611214396384,0.41179004378237116
2019-10-01,2.2100293095471337,0.7077642365315485,-0.38598997254439543,-0.15110719394571961,-0.26006206279705546,-0.8531375620101068,0.8831187980382694,-0.7170432356729081,1.0088080215555861,-0.56924637932791,-0.5849025421525682,-0.14780700582521009,-1.214290460395958,1.2844143374334367,0.036004310793855826,-1.1756261525048695,0.3135718977536309,0.6535912782026394,-0.2239706529833326,0.42014221491681975,0.21982879703768626
2019-11-01,1.3777095971734596,-0.7002056719410737,1.3953068912666287,-0.6244823669107473,-0.4953739351316804,0.48086828050437563,-1.6266823601033777,1.1739086977393771,0.06590981896881529,1.9670484141842945,0.5764714698131943,-0.4685107514150576,0.18294554595508603,1.3125458465344828,1.4029834482725647,-0.6470616017459121,0.31464197481025996,0.18204119257651274,0.3874722033111238,0.16688660228811175,0.4579828644553215
2019-12-01,2.257846198762398,-0.4764947568761529,2.124046970580634,1.0860802256476154,0.9536506203458447,-0.9982408610026292,1.5076050703047215,0.018602830650641465,-0.3827496252448106,0.6214231610031383,0.26234622010679076,0.5778969018612166,0.47265002025161196,0.22992230959020282,0.3356931755164352,-1.057061559859405,-0.9369083150585278,-0.5860921593551928,-0.08291869737381083,0.4205875841869276,-0.222961614571473
2020-01-01,2.921884516625029,-1.2023892702498695,-0.6681092260205299,0.5948767604564247,0.7480078306578216,0.8279303390735294,-0.007139256522079518,-0.9615927948481899,0.8106557907111543,-0.026899829091737756,0.10443189580866165,0.36167984449974827,0.1328114492584644,1.809976689958765,-0.17043587006491498,0.3073082967934136,-0.3119283736440504,-0.2075736681776963,-0.6074957250856358,-0.19514929162744696,0.09786245948111173
2020-02-01,0.8518529161739139,1.6982085705688323,-0.4353276771085581,-0.2964379541007842,0.4874655952356949,-0.6353414113339108,1.452566949563057,-0.0090246973731664,0.2670245529297486,1.252657007793128,0.27360335678671915,0.2686350174951641,-0.593434851944625,-1.3086477286331926,-0.10558900309925169,0.5600641516392857,-0.584637528949411,-0.31948035727398183,-0.249036585717357,-0.08609227884271729,0.48250215066796837
2020-03-01,3.1986981863170647,0.08984268934908728,-0.42309217163050866,2.3492585764575997,-0.0299312225962412,0.3965771930080068,1.509841199067838,1.2042790063584512,0.4917591376805522,-0.46176316368237497,0.4044455990019119,0.29525522369257046,-0.4074792255769822,1.0531073229544357,-0.9256243088018917,0.3517614165735635,-0.11110984449884333,0.45720867369471035,0.34634584773631444,0.7963190340478478,0.06484557493798872
2020-04-01,2.4026674837324102,-0.03191996796032125,1.7528588093868283,-0.7151067036127967,0.3752817368315753,1.0756942262038174,-0.407914222611589,-0.969355246817757,-0.03426678816133505,-0.1832739756136318,-1.718071329506073,1.4087423806088712,-0.7506035269481349,-1.2928939353368984,0.19277050190756714,0.13448591236778829,0.4157867644572536,0.40114791442157893,-0.9382622201943206,-0.2645043892575664,0.3789202166874965
2020-05-01,2.719977805431349,-0.2421304454894977,0.4953636884105318,0.12484268921157612,0.18135590990309772,1.243700616555658,1.4604785121340946,-1.2889905955420693,0.11242365743978212,0.4509446104065093,-0.7645007689900187,-1.1589943273175356,0.5481456996996715,-0.42827921391015283,0.20001085044161407,0.2687838519675644,0.050324323436182754,-0.20499074336620893,0.6452839798838491,0.2156607104860802,0.06322675189367775
2020-06-01,4.106582864231847,0.17668682718935327,-0.2421624447241006,2.16685614460823,0.10337815139662195,1.105309218779155,-0.9154925460412344,-0.00959483561042243,0.09385833373271811,0.46081478548005494,-1.4732555730335546,0.2998329275347309,1.3026435426324596,-1.0007275343108883,-0.40546650226494546,-1.3914264189819228,1.512110577695411,-0.019597728677504544,0.14152982833259026,0.19005536846039445,0.22536359123754712
2020-07-01,1.5062639963184927,1.1773573443644483,0.9323672236375412,-1.092572540737208,-0.827852646671447,-0.13264338545559828,0.2540919079843202,0.8524412267226965,0.432920481510903,0.5874991178003462,-0.07994933007732605,-0.506494125931458,-1.0914485323541663,0.054009552088052915,-0.7492076261806048,0.500872427844961,-0.7242123375847044,-0.32105738310346665,0.6176501037545342,0.5233308391476647,0.31475551925051104
2020-08-01,2.502960499229436,-0.8801622909736921,-0.8098062283283242,-1.6823350143461364,-0.8759434465101134,-0.980705167276513,-0.01915460869618057,0.686734343440694,0.059137302667736834,-0.42763672368569655,-0.22622464132707024,0.9391307458726502,1.1572294928705091,-1.2232909506535516,-0.25696249230565155,-0.6096200742730414,0.6375703474145568,-1.1345238868560465,0.5909300430761466,0.3145107504374888,-0.07500488757527364
2020-09-01,1.0966663704239654,1.1803093403233265,0.9585745031746621,1.356057135361935,-0.14433312821735708,1.573106983400802,-0.5742532274353122,-1.2908158233439642,-0.6909749412517343,-0.5073212299604705,1.0583089175995966,1.2616956028987376,-1.4252409875059027,0.12687538647126206,0.39470174699312505,0.3625876193660635,0.23287394908636494,-0.24786518162007498,0.4821037244381622,0.275945458317523,0.21609654794406177
2020-10-01,2.7310083353599413,1.3714966576683676,-0.3076723868001229,-0.6995261363837894,0.6497627780442232,-0.6687771937855029,-0.5724672537702719,0.5392711413946328,-0.5053643501953311,-0.39731259113850476,0.9296988834956463,-0.27732158240704374,-0.16614452054398227,0.4595910892489287,1.3701321126262993,-0.3378756170977399,-0.043664065804004316,0.5610647277294867,0.5164675012929641,-0.6939722450280594,-0.05850413604584178
2020-11-01,2.148047984931889,0.20051275242706695,0.23858071103162298,-1.3384260521133582,0.5312983201215794,-2.2534968587598305,1.1653576668219798,-0.1652738501825941,-0.7213380303419559,0.08331695565449396,-0.04476721084492214,0.1443313486415414,-1.102173675141539,-0.29971161960221093,-0.2188766709147504,0.024004909637539578,0.7375021342375271,-0.3969742934049612,-0.23442944348151887,0.1727883862512557,0.18095567392738926
2020-12-01,0.9966340455181955,2.383928820276929,0.8400752784108684,1.508897628738673,-0.08984138099946709,0.013165270339037357,-1.156791318237497,-0.6232449374177825,-0.1613343791171196,-0.007805739216595129,1.2827067938036931,0.6541586628115617,-0.7197690161931354,1.3167791341614048,0.15595536462001658,0.05744858443776246,-0.041288062162283166,-0.027957144525492642,-0.043132860980148645,0.2542154375648057,0.45127173586630676
2021-01-01,1.8332983531365337,0.012866012875287396,0.7928265454616159,-0.2232313007292183,-0.034593561577088934,0.24480970868739196,-0.5884934027343178,-0.9181314973646896,0.6151612407862262,-1.5651970052215605,-1.0372855453206546,-0.921420378435937,-0.8129126636750695,0.4886760576430563,0.25913369255778873,0.15406458798934078,-0.46145638345931844,-0.39014916989627707,-0.13153942579691738,0.7957673521602089,0.11713558990211366
2021-02-01,2.1543144782857904,2.314384991422216,0.14993078284432484,-0.3647818877697849,-0.3275812730319908,1.6490165822346359,1.5762537511002397,0.7307727906505096,-0.4191310779154259,-0.11221993788192433,1.0206020904808464,-1.0789704218218852,1.625020752804536,0.2827782330564749,0.42172380846035157,0.32718999947430094,-0.211063575050027,0.02962690761399997,-0.6379182592577739,-0.029658515730150516,0.10821455105326017
2021-03-01,1.4136395510646214,-0.6059632401505022,1.353724039623264,-1.049064588168622,-2.0429667042957895,-0.26213064323825336,0.9639039717286706,0.46989647282402075,1.904768034794626,1.050592859164334,1.0798463384642674,-0.08779727365710145,-0.7717109595226087,0.05585238761370886,1.29711976479606,0.06475828225745203,-0.17742441765610176,-0.23330029985596523,-0.06615868578434038,-0.026700854984535824,0.14810034190123475
2021-04-01,3.5250896845196777,-0.7478784026320907,0.3764385729057266,0.7767934049026494,-0.6542509172317102,1.864666867322866,-0.3103522531496233,-0.1493135737589446,-1.3891768621160405,-0.03395129677912001,0.9632067219037636,0.20266786167582254,-0.061434001806353354,-0.6713476706776053,0.5600661072269412,-0.06175586377662279,0.10893810896298911,0.48913277702087055,0.19403464157961808,-0.24068774698549922,-0.20858726497659352
2021-05-01,1.5619340357603904,1.6461299691053615,0.31006660917476075,1.233922624942547,-0.20696461082727993,-1.1396470230534999,0.7473643409587868,-0.5183904130558222,0.32730728778502116,-1.1772792534337146,0.5541160847983242,-0.049023963484853626,-0.6893943396148718,-0.7602370785960939,-0.1829522116008271,-0.3473755924740199,-0.38755684964245096,-0.7837396965024999,-0.6448774630796257,-0.7060448573962051,0.036953969537037785
2021-06-01,1.754056111652204,-0.1441708217141751,-0.4824478524007431,-0.6291258778217051,-0.07954700531023971,-2.655052765787223,-0.21762836924022522,0.5674268003562641,-0.865947393409128,0.7013190316526994,-0.254829256760084,0.02404384791391396,-0.05397153372714825,-0.8040633285594114,0.07061761116569895,0.37204937904167246,0.04565190652552763,0.3929898440964175,-0.06803240605798047,0.1383240412231571,0.6110708729434025
2021-07-01,2.923329031182988,-0.5028583698343814,-0.5577964783432025,0.42247368058203344,-0.21893835370677728,0.6977798400446789,-0.7660893289903917,0.9112946578931334,0.11979302964941835,-1.4424157683855268,-0.17037387279180807,-1.4290934617594333,-0.18505844613536548,0.3071831894691477,0.33413967966697794,0.11338528117089615,-0.267516189979665,-0.6873310534351955,-0.47633394689098146,-0.11395362985828685,-0.13502170116544215
2021-08-01,4.106840059962425,-0.2567854788008393,-0.5597847026324932,-1.807060851694598,0.07607920908397511,0.5018425951754328,0.08929206230025853,1.182253885693177,0.8895612958213881,-1.0273277639515899,-0.28482181801997525,1.0099779708243055,-0.06367505206738473,1.0315845059588318,-0.9433538382932468,-0.3877927366943259,0.018197820406166937,1.3872617313768898,-0.32462300347610695,-0.5759165060266757,0.20797744225184378
2021-09-01,1.737155262071404,-1.2747908824224292,0.6842871390327615,-0.07270539481205131,0.3322217042393301,-0.1636243984055953,1.2297668690027883,-0.8975965131324312,-1.4919337946531797,-1.005381853362033,-0.6264168475340675,-0.14267147990753343,0.20518819033657715,0.188584696760562,0.7203113851578744,0.79590764863323,0.03943290714808347,-0.6968013797198973,0.6901955308373745,-0.23130389376688437,0.07755238969636868
2021-10-01,2.1733475719227306,-0.4695466504659456,1.490501115370771,1.5973125026909956,-0.5985590891156489,-1.6710077418267106,0.04893565919778916,-1.627268739503604,-2.1536866275507585,0.5506774438385066,0.9741627138832444,-0.06506373636719989,-0.5530343541685506,-0.27323910994625605,0.3227783643281926,-0.3689798186464608,0.15524418269779228,0.22573491439766477,0.35663158156640756,0.6973101891465384,0.07096239113874915
2021-11-01,2.587457239354666,0.06189639362784199,-0.7610130811242344,-2.1013711111949522,-0.29721301812711903,1.1402349588449756,0.6955444125109916,0.4920523694926871,1.4345778228666877,-0.4670968561381913,0.5351471367665953,0.5441957438605937,-0.42826905115925057,-0.7767512968639413,-0.4306725163020914,0.14708691565951518,-0.5716875880417228,0.4077122215125679,-0.4894205252964969,0.17954321177658028,0.10176283003407977
2021-12-01,3.3813720634450912,0.7252695102074782,1.1615780451826447,-0.10714375846560857,-1.6456477252685369,0.26856898321185463,-1.1822382329141055,0.8925748502697312,0.0278334200895341,-0.2336188078178354,-0.8341067471466703,0.6254349762600555,0.7115228872055801,-0.014967059870912314,0.9816148339130547,0.013616127294285336,0.3826476755847831,-0.32327233426905044,0.20763361429255134,0.01590800728905312,-0.30412572226010814
2022-01-01,1.7313009164344566,0.5731945280691358,-0.06591136283478355,-0.5914623402051231,0.11547270089477799,-0.01300151493999494,-0.5383401482769766,-0.6312307477507023,-2.192261628826735,-0.9215656503230873,3.1317647668173545,-0.28640165015174585,0.732613298533018,-0.34289250135165733,-1.478997330984729,-0.19611656205067002,-0.2201244843337322,-0.3440022786932478,-0.23559849966970065,0.6059534051335825,9.980039527794884e-05
2022-02-01,4.717506029801485,0.08656980552743479,-0.628867950145635,-0.2991038697405118,1.2382312261032964,1.0544364342823873,0.10595181870293986,-4.154697342392165e-05,-0.2628065249915087,1.2360054942906886,-0.4066190782948698,-0.7754365264123119,0.16106281143720189,-0.40103185537988006,0.1659513100133016,-0.9530463277814012,1.2613375592603342,0.21564971124693447,-0.3798928558528587,-0.5056300615315698,-0.05039589414012908
2022-03-01,2.797272848723818,3.18724136321463,1.5410269106887762,-0.621147031074066,1.0352113873881719,0.582559705222935,0.06124713398732058,-0.49687212903179373,-1.1278243324732706,0.10597884629467787,-0.7168836800313336,0.25858274079035126,0.2600839373942607,-0.36386520989580884,-0.19017615368012936,1.0681783733954946,0.3845030846215447,0.2685899151209948,0.4886088713938488,-0.2897075912326069,0.014637959090851266
2022-04-01,2.836984570568835,1.580640423882114,0.18956018819465442,-0.28045021408360044,-0.6337998701780895,-1.1175842936291494,-0.39148376571046706,0.22280290632250152,0.8341535556637911,-0.6021592202336932,0.43765992918436314,0.3109203984008946,-0.2954434484656046,-0.44510014056559555,-0.18799996717983447,-0.18054905597967322,0.3383414680495199,0.007818264957918057,-0.35977974204312824,0.6579739117710712,-0.13725966858109898
2022-05-01,3.676654155958714,-1.127877661970921,0.37283852763435554,0.04226303724393347,-0.06041563367085071,0.13874188052689893,2.145996528030618,0.68416586132366,-0.3649408637409179,0.0990863733534717,-0.17742085916683623,1.2868014354509765,0.38334517461410167,2.2390607653572383,-0.7672377556788116,0.5824906850011158,-0.2598390929722398,0.8329150469332969,-0.5468032806944939,0.09771617693169111,0.2118983491932822
2022-06-01,4.190785926406356,-1.184980355981873,0.3803930657687676,-0.6777522864025438,-1.347717190299665,0.2463790824695624,0.6954594681414471,0.5438042530292395,-0.0811325533515323,-0.18724582534952114,-0.22214156684670283,1.5023501786318907,1.2247444959165643,-0.1318996153386214,-0.3980693954427012,0.024550010590373286,-0.01862807341660481,0.7753246519542208,-0.2254237016734066,-0.286228391664219,-0.13517146695077292
2022-07-01,2.612204957792281,1.3822507302595608,0.03704766597795214,0.6498457788948927,0.8367837008335213,-0.17925382300458578,0.6149039173635439,-0.3257146389894092,0.1428154711163135,0.144997731020071,0.10306427729200013,-0.91121200847025,-0.04458671525812364,0.5809323142205545,0.5327054353211363,-0.4185750877709993,-0.6169400157518233,-0.7020426537152352,-0.6071528300141001,0.3892603400726913,-0.15150558648036327
2022-08-01,3.6429571934411116,0.9077545960544372,-1.1761045866327882,0.7763954439829116,1.4251683222444484,0.4664302685769019,1.6635313520170307,1.1545852409983073,-0.14775757563581576,-0.035608868552350716,-0.2833616370752237,-0.14411617226852846,-1.0124169901482627,-0.02540766977726157,0.39512858869746326,-1.181421955003526,0.411658764706658,-0.38661783382821935,0.5748287208566559,0.11596448211609611,-0.20046964571293485
2022-09-01,3.0031746527317256,0.21030154764019648,1.031994214489216,0.31557906285984927,0.3194802582036464,-0.8183388109261461,0.204549050135631,-1.4540126038116916,-0.3421652304660216,0.3436728258023744,-0.8048001635408097,0.17777165955526475,-1.6555681772662638,-0.592499402853389,-1.3016969901102173,-0.730642471271333,-0.29706174522097867,0.48294023697142957,0.6820671142305882,0.6301229080106313,0.1534436095418153
2022-10-01,4.919381809974135,-0.1912606913581106,-0.14080714144807405,-0.509062694047882,0.3815843614097586,-0.7056042442433341,0.2569975338843737,-0.26253506382403935,-0.2804136371809898,0.7041893930633006,-0.08356107193087847,-0.8651690563288459,-0.35852081370872296,-1.2314226803199348,0.2963983675615544,-0.2580625064386381,-0.48821677553315385,1.0661379604670735,-0.1433552124617266,0.2380710605707317,-0.48390836177466084
2022-11-01,2.7376450292844643,2.806599660133798,-0.05731057017987601,1.0045858425394623,0.843615835034582,1.176065269465752,-1.8537668354144374,1.1358611785083597,-0.25286640706949937,-1.3730579791999162,-1.0015794403069107,-0.5197129614164232,0.2830958420998433,0.9612077972350332,-0.3206841032103919,-0.7871906593978043,-0.43611676896344737,-0.5885632021060804,-0.06343429190250269,-0.19767569974540233,0.09053971079468456
2022-12-01,2.996848569501388,0.7048021291066662,-0.35580757622799464,-0.2797571809219961,-0.5091101646392053,-0.1469920632724901,-0.8289136118217499,-0.0971595949152305,0.27522034217992253,-0.5920297458398145,0.29187426895420293,1.6779618424443308,0.31888924297903193,-0.8722825032536342,1.3643701395792356,-0.05442588372595009,-0.218140620011973,0.5382428034323337,-0.402538322370259,0.31579610936030095,-0.24329096647698997
2023-01-01,3.515238606796892,-1.0630167896198504,-0.34641743431400307,1.0924440232481538,0.49928210244119675,-0.2509633007074671,-0.45137651821653973,-0.7904991811231867,-1.3307645400154258,-0.08714843635243907,0.2607192587802635,-0.9615664227581842,0.94109417595393,0.04140350306802176,0.7479301192906226,-0.3443143641804518,-0.7543043438967083,0.31726629768240877,-0.8279192139802702,-0.04653242503412132,-0.11214407644195477
2023-02-01,4.066658857694017,-0.8920271210869798,0.49811871084044446,-0.3134798421523995,-0.18964803459978666,1.201958823618812,-1.1073380038660667,-1.2196372547436258,0.2621326955997876,0.9759142403765,-0.6551428719728551,-0.474084855778164,-0.14027324907861077,-0.6153983183444995,-1.0771395653240414,0.011979801463853575,0.3105081854231235,0.13236062849872915,0.24796163498900434,0.2922547239760561,-0.035599812213663054
2023-03-01,4.097394486624732,-0.3546469969539733,0.40753743220720373,-1.0574382728587635,-0.6095765387018095,-0.43001291822842996,0.24726229419196705,0.4163154843661436,0.004716916689532457,-1.0061052932399026,-0.6049117686456211,0.2711983089933314,-0.4893764010715405,-0.5189185981223207,0.17890572531699345,-1.2712954110808343,0.36676613444589423,0.229108794429206,-0.2770297756270124,0.5155918459437522,-0.38113426664814426
2023-04-01,3.9969167989695937,-0.6413728118639286,-0.573570603127822,0.5658245681384265,0.3887713030559279,0.0943911605946186,-0.06148207504229898,-0.665720654455075,0.43816506456960885,-0.6136333431250317,0.3649816569028326,0.9455348218638063,1.4233868538024546,1.819306784777785,0.6479603560433508,-0.43405553156334475,-0.7448723771099605,0.030352324639937592,-0.22414998646128884,0.02268264484050618,-0.4369677735822619
2023-05-01,3.20909887910761,-0.5427663047272514,-0.6155573522822402,-1.3693277343667545,0.061533091033786236,0.23534848630922559,1.7722685495779458,-0.5298349323337888,1.1004326300554814,-0.4645878657400439,0.5869271021366712,1.0176497811574343,1.3271888885852345,-0.0766879851673419,-0.5892013819694427,1.2122978608317503,0.530456377305875,0.24797363352158885,-0.06029039979816365,0.5647861651134568,-0.09234517656467017
2023-06-01,3.0300685777533194,-0.1339924884007099,0.12585078860793933,0.982919923041257,0.006915224826801572,-3.7748245484535086,-0.3165492448141026,-0.4603915795915061,-0.7323888687786397,0.5407570669723482,0.1313642786595112,-1.0185439003990084,0.42478394729178065,0.6565364766280035,0.21923707098469603,-0.48072970478026045,-0.38010083583810866,-0.6341619608583007,-0.385510725734639,0.6473213516238328,-0.19928304520317033
2023-07-01,3.9004594472627514,0.2963238232808403,0.28062316699163337,0.8859136013708359,0.27229636801162055,1.6011105990676309,-0.20301343249988965,-0.08045492826677157,-0.6051354279242962,-0.028050732454645903,0.12529851471089432,-0.546810792748697,-0.4028409158687758,-0.11269707635584987,-0.1826946142063847,0.7945565988500994,-0.11447178983756028,0.06411469087667908,0.10157636633648497,-0.33820088064860054,-0.29952478887682504
2023-08-01,2.8018198513002726,0.3458855785272162,-0.550814372398234,0.13816320533562088,-0.025832610643671105,-0.7582354270836024,-0.8807306629935587,-1.1047524879897979,1.4015472575529506,-0.8223579051920656,1.1768098878622673,1.1574462984005671,0.025646957159895362,0.9126585194279261,0.3037530272668314,-0.17069072858536743,0.5256783614807662,-0.2720435421564569,0.26671729622369744,-0.0767807128398432,-0.2186153516037478
2023-09-01,3.770260112359993,-0.13088258575842604,-0.47489461880443634,-0.031722220762519036,-1.1594845439410797,1.0684309472574014,-1.1398712581302486,0.4979633854895311,0.8646264374058622,0.6170542633922977,1.5730690146445463,-0.3380520102650588,0.009737731599323072,-0.3022353787804569,-1.0540983469792888,-1.5730483694554476,0.037719096877173376,-0.44930107956173254,0.8752983211416877,-0.4965286542980846,-0.2665577378374679
2023-10-01,3.336012351478015,1.4065003450367217,-0.5419770262683467,0.4784803343473453,0.15223333035212158,-0.6513058235718087,-1.0822448959133475,0.6236573216123846,-0.26499538603504635,-0.6021801595820399,-0.16463241217409583,0.9814941063939858,1.6515409293394547,0.20330672915151615,-1.3245625854483571,-0.06577634553601075,0.6549262645583745,-0.6508352435840019,0.5274351925571702,-0.4228956778385537,-0.025547074240033333
2023-11-01,4.4397487415437595,-0.3563524381686921,-1.5101277708137866,0.35761443155162226,-0.06282411562841593,0.004519161989681768,-0.38599689704787543,-0.42604134369983293,1.8696714688755383,1.093870155911939,1.1577411881194393,-0.9737491119453677,-0.1160184799225372,-1.0932616509582143,0.20724984555378367,0.3854445389673628,-0.1719987805664189,0.18859962750199602,0.29451171008064164,0.4646878398827783,-0.553255467314121
2023-12-01,4.106745423301034,-2.6366075155356,-0.9361798191147412,-0.37674006883592065,0.4968519002650916,0.5520836448624897,-1.8298499744049839,0.47183208462240667,-1.8897284858989736,0.057220481582217236,-0.26164761952449855,-0.7703717700862576,0.2940536399361822,0.6227446070026287,-0.8396930884717505,-0.2904052596276948,0.10940152414678508,-0.03963413278906917,-0.3438285853682076,-0.27836097120655334,0.12774444002087537
2024-01-01,3.4841280015379072,0.5899987196978442,0.07740608942154231,0.12405606627021219,0.1872707576354091,0.5148885509829877,-0.9659797435910623,-1.302817002443359,1.2282029153732574,1.6142746841645617,-0.34332320141512707,0.1027682371941453,-0.8551879655993083,-0.5590024859136876,-0.09280088649355163,-0.6563292220404222,-1.0848690568028503,-0.028607968160176054,0.6984465291886031,0.052238712070183886,-0.2104191905618821
2024-02-01,4.775706790025994,0.7917044901688428,-0.5889153002095221,-1.9010813007504725,0.49406365750720027,0.3709266082068954,0.6752102350950933,2.090801866148602,0.3654302280637201,1.3157855060386034,-0.2398959439155346,0.15159358809426215,-0.46177057526912113,0.45774249541688344,-0.5433356242288628,0.2562823728986526,0.800687190716182,-0.14301681088737017,0.48796312775519673,-0.178097849351063,-0.32928625709827486
2024-03-01,4.486781786379093,-0.3607524073521395,0.2599122055052777,-0.6404537120100217,-0.20335209026760634,-0.509697724965154,0.5397101330771213,-0.09784127648749907,0.5448033631559105,-0.601871328051655,0.10001536036458722,1.1614343148688329,0.09554253114856814,1.2193809962098066,0.325024358217649,-0.22593529076538454,0.25195479723996517,0.11824991361508372,-0.26438091153666565,0.02359210662394611,-0.5829917226368578
2024-04-01,3.6968651792128395,0.5961142316925406,0.5246346356067261,-0.001959630171229525,-1.2850839265300742,0.6595074856266671,-1.0142741972335354,0.9952961192260409,-0.008322134053721121,-2.3416256583995403,-0.3434676799673809,0.8187687641332119,-0.21571484515614014,-0.4667716248856264,-1.0186006971876571,0.20270588882374585,-1.1104689632948304,0.2244979290749118,0.5298070074969004,0.2035218365886316,-0.5126402833388115
2024-05-01,4.017044906725152,0.1661448368278543,0.9675197172843276,-0.4365127282671364,-0.9065998655240385,-0.19245370205736226,-0.004809758400210953,-0.19491434261317095,-0.13814729085791036,0.38580320512267824,0.21680302172875277,0.15137276452807627,0.19744875683935678,-0.2994517450001945,-0.16555814753151735,0.13633788559103985,0.9884551879090384,-0.9439655386316109,-0.24861596926069668,0.3427414252944824,-0.603930901790174
2024-06-01,4.802378481045476,-0.5269901491993262,-0.8550235698527673,0.09559360580006339,-0.02164595760900129,-0.8989271925964468,-0.7957073505744422,0.4494295078056773,1.5227707532256967,0.31899757255211475,-0.28095752271065366,0.5018479134459828,0.5640951465143577,1.7735107202361482,-1.05314767114582,-0.10676422680481341,-0.4947618457059208,0.11157338130870874,-0.4475372510489549,-0.36842098412365604,-0.22916167008554028
2024-07-01,4.63493562118491,-1.068546040513872,-0.07967323782117505,-0.47176739103672016,-0.8785183924699445,0.6597134395861967,-0.002157931661522353,0.2758868591998299,0.23710443326061714,-0.2614794941686751,0.03286442832690224,0.6710523481915941,0.37408645832654147,-0.628145007887453,0.02095165827322956,0.3413787353130271,-0.07976931546553954,0.8591470896609819,0.8762772538994507,-0.05916681539585046,-0.46708375346050635
2024-08-01,4.455624680898816,-1.046462720021362,-0.18750356432501775,-1.1308587336147242,0.7043539268127742,-1.5911673268123658,-1.0759183730913948,-0.5443139684068773,-1.333441906067371,1.9278223316661982,0.17814282292773556,-0.46887919170420433,0.35087218620443883,0.13404909095103218,-0.26422630625260946,1.3407049829602598,0.7779804612360834,-0.0998364923394401,-0.45586485620774614,0.20305979219118872,-0.25677302546210035
2024-09-01,4.6851614073413215,1.3798278633401442,0.03282024637935664,0.18906629941014869,1.0405982940558294,-1.2181649687488714,-0.44732305356737734,-0.9443163783147308,0.5255523575420745,-0.5094266543847117,0.21172662180081253,-1.5589249171870132,1.0096669853078655,0.46228378338382087,0.829089237680342,0.23255918904067652,-0.4397885082820917,0.40591706071791595,-0.27676405026823236,-0.5096549171175059,-0.7079650853025878
2024-10-01,4.400134204440796,0.12005769272656668,-0.5157560647272349,1.1090261474511607,0.1488941262619234,-0.3990524297180754,0.14917641759656963,0.615833636970988,-0.29713119287374135,1.5868355625866606,-0.21884791938056547,-0.3044577506204934,-0.7660723245400562,-0.7248645702625872,0.3425809274724403,0.6440099835793283,-1.305002552029257,0.11942235946392699,-0.10462941376217125,0.3103012192932122,-0.5133050457807875
2024-11-01,3.916675297409696,0.20522824708113566,0.6673835503498852,-0.4555646988247278,-0.03750857715960528,1.3806735573550633,-0.43134812291799673,-0.3398223197176416,-0.7107564875139811,-0.4053344510015241,-0.48937164603137095,1.0381962289111906,-0.21733713746853248,-0.4308651968125678,0.8289379162800536,0.6526645074762443,0.4916500140473543,0.11435202351444788,-0.3716017335859794,0.30228156850028104,-0.4470012011123448
2024-12-01,4.708170876501068,-1.9616033790905754,-0.3679305203579947,1.241834910251335,-0.03655690891407204,0.659671658030897,-1.3010087956724807,-0.3198981695755738,-1.7233928734228097,0.507072000284708,0.2747513037180035,-1.167380307084598,-0.00630729042534087,-0.6752273876507643,-0.42263945749549475,0.4907434973027242,-0.7548892706724288,-0.07187915066744222,-0.6628130287026293,0.004231768566073943,-0.46988031809448677
